Workbook

Sheet Dashboard
A1: CERPA WORKBOOK — DASHBOARD
A3: =COUNTA(Claims!A2:A1000) -> 30 | C3: =COUNTA(Events!A2:A1000) -> 25 | E3: =COUNTA(Reviews!A2:A1000) -> 20 | G3: =COUNTA(Patches!A2:A1000) -> 15 | I3: =COUNTA(Apply!A2:A1000) -> 10
A4: Total Claims | C4: Total Events | E4: Total Reviews | G4: Total Patches | I4: Applied
A6: DRIFT METRICS | G6: PATCH STATUS
A7: Drift Detected (Y) | B7: =COUNTIF(Reviews!F2:F1000,"Y") -> 11 | D7: Events w/ Deviation | E7: =COUNTIF(Events!G2:G1000,"Y") -> 17 | G7: Applied | H7: =COUNTIF(Patches!H2:H1000,"Applied") -> 4
A8: No Drift (N) | B8: =COUNTIF(Reviews!F2:F1000,"N") -> 9 | D8: Events w/o Deviation | E8: =COUNTIF(Events!G2:G1000,"N") -> 8 | G8: Approved | H8: =COUNTIF(Patches!H2:H1000,"Approved") -> 7
A9: Drift Rate | B9: =IF(B7+B8>0,B7/(B7+B8),0) -> 0.55 | G9: Pending | H9: =COUNTIF(Patches!H2:H1000,"Pending") -> 4
A11: SEVERITY DISTRIBUTION | D11: CLAIM STATUS
A12: Critical | B12: =COUNTIF(Reviews!G2:G1000,"Critical") -> 3 | D12: Open | E12: =COUNTIF(Claims!F2:F1000,"Open") -> 18
A13: High | B13: =COUNTIF(Reviews!G2:G1000,"High") -> 4 | D13: Under Review | E13: =COUNTIF(Claims!F2:F1000,"Under Review") -> 4
A14: Medium | B14: =COUNTIF(Reviews!G2:G1000,"Medium") -> 6 | D14: Patched | E14: =COUNTIF(Claims!F2:F1000,"Patched") -> 4
A15: Low | B15: =COUNTIF(Reviews!G2:G1000,"Low") -> 7 | D15: Closed | E15: =COUNTIF(Claims!F2:F1000,"Closed") -> 4
A17: HOW TO USE THIS WORKBOOK
A18: 1. CLAIMS tab: Register every decision, requirement, or assertion as a new row with a unique ClaimID.
A19: 2. EVENTS tab: Log what actually happened. Link each Event to its ClaimID. Flag deviations.
A20: 3. REVIEWS tab: Compare Claims vs Events. Detect drift. Assign severity. Link to both ClaimID and EventID.
A21: 4. PATCHES tab: Document corrections. Link to the ReviewID that triggered it and the ClaimID being corrected.
A22: 5. APPLY tab: Record when corrections go live. Link to PatchID and ClaimID. Attach evidence.
A23: 6. AUDIT: Filter any tab by ClaimID to see the full lifecycle. Export filtered tabs to PDF for evidence package.
A24: 7. DASHBOARD: This tab auto-calculates metrics from the five CERPA tabs. Refresh by pressing Ctrl+Shift+F9.

Sheet Claims
A1: ClaimID | B1: Date | C1: Owner | D1: Description | E1: Source | F1: Status | G1: LinkedEventIDs
A2: CLM-001 | B2: 45941 | C2: MAJ Torres (COR) | D2: Contractor shall deliver monthly status report by 5th business day | E2: SOW Para 3.1 | F2: Open | G2: EVT-001
A3: CLM-002 | B3: 45931 | C3: CPT Chen (ACOR) | D3: All software deliverables shall pass security scan before acceptance | E3: SOW Para 3.2 | F3: Closed | G3: EVT-002
A4: CLM-003 | B4: 45935 | C4: Mr. Davis (KO) | D4: Contractor shall maintain 98% system uptime during core hours | E4: SOW Para 4.1 | F4: Open | G4: EVT-003
A5: CLM-004 | B5: 45934 | C5: Ms. Patel (PM) | D5: Weekly staffing report due every Monday by 1200 | E5: SOW Para 5.3 | F5: Open | G5: EVT-004
A6: CLM-005 | B6: 45942 | C6: SSG Miller (QA) | D6: All personnel shall hold current security clearance at TS/SCI level | E6: CDRL A001 | F6: Open | G6: EVT-005
A7: CLM-006 | B7: 45941 | C7: MAJ Torres (COR) | D7: Help desk response time shall not exceed 15 minutes during business hours | E7: CDRL A003 | F7: Closed | G7: EVT-006
A8: CLM-007 | B8: 45945 | C8: CPT Chen (ACOR) | D8: Quarterly program review briefing delivered by 10th of quarter | E8: CDRL A005 | F8: Patched | G8: EVT-007
A9: CLM-008 | B9: 45932 | C9: Mr. Davis (KO) | D9: All code commits shall include unit test coverage above 80% | E9: PWS 3.2.1 | F9: Patched | G9: EVT-008
A10: CLM-009 | B10: 45937 | C10: Ms. Patel (PM) | D10: Contractor shall provide 24/7 on-call support for critical systems | E10: PWS 4.1.3 | F10: Open | G10: EVT-009
A11: CLM-010 | B11: 45931 | C11: SSG Miller (QA) | D11: Data backup completed nightly with verification log provided weekly | E11: QASP Para 2 | F11: Open | G11: EVT-010
A12: CLM-011 | B12: 45934 | C12: MAJ Torres (COR) | D12: Network monitoring dashboard updated in real-time with 5-min refresh | E12: QASP Para 4 | F12: Open | G12: EVT-011
A13: CLM-012 | B13: 45939 | C13: CPT Chen (ACOR) | D13: Incident response initiated within 30 minutes of detection | E13: TO Mod 001 | F13: Patched | G13: EVT-012
... A26: CLM-025 | B26: 45932 | C26: SSG Miller (QA) | D26: Final delivery acceptance within 10 business days of submission | E26: QASP Para 2 | F26: Open | G26: EVT-025
A27: CLM-026 | B27: 45937 | C27: MAJ Torres (COR) | D27: Contractor shall maintain ISO 27001 certification throughout PoP | E27: QASP Para 4 | F27: Open
A28: CLM-027 | B28: 45936 | C28: CPT Chen (ACOR) | D28: Sub-contractor performance monitored and reported quarterly | E28: TO Mod 001 | F28: Open
A29: CLM-028 | B29: 45940 | C29: Mr. Davis (KO) | D29: Earned Value Management reports delivered monthly per CDRL | E29: TO Mod 003 | F29: Open
A30: CLM-029 | B30: 45943 | C30: Ms. Patel (PM) | D30: Access control logs reviewed weekly by contractor security officer | E30: Policy Memo 24-01 | F30: Open
A31: CLM-030 | B31: 45942 | C31: SSG Miller (QA) | D31: Lessons learned report delivered within 30 days of milestone completion | E31: COR Direction 25-001 | F31: Under Review

Sheet Events
A1: EventID | B1: Date | C1: ClaimID | D1: Observer | E1: What Happened | F1: Evidence | G1: Deviation
A2: EVT-001 | B2: 46014 | C2: CLM-001 | D2: MAJ Torres (COR) | E2: March status report delivered on 12th business day — 7 days late | F2: \\fileserver\TO-Evidence\EVT-001.pdf | G2: N
A3: EVT-002 | B3: 45956 | C3: CLM-002 | D3: SSG Miller (QA) | E3: Security scan completed; 3 critical findings identified | F3: \\fileserver\TO-Evidence\EVT-002.pdf | G3: Y
A4: EVT-003 | B4: 45992 | C4: CLM-003 | D4: SSG Miller (QA) | E4: System uptime measured at 94.2% for February — below 98% threshold | F4: \\fileserver\TO-Evidence\EVT-003.pdf | G4: Y
A5: EVT-004 | B5: 45954 | C5: CLM-004 | D5: MAJ Torres (COR) | E5: Staffing report received Monday at 1430 — 2.5 hours late | F5: \\fileserver\TO-Evidence\EVT-004.pdf | G5: Y
A6: EVT-005 | B6: 45983 | C6: CLM-005 | D6: MAJ Torres (COR) | E6: Personnel audit: 2 of 14 staff have expired interim clearances | F6: \\fileserver\TO-Evidence\EVT-005.pdf | G6: Y
A7: EVT-006 | B7: 45958 | C7: CLM-006 | D7: Ms. Patel (PM) | E7: Help desk average response: 22 minutes — exceeds 15-min SLA | F7: \\fileserver\TO-Evidence\EVT-006.pdf | G7: Y
A8: EVT-007 | B8: 46004 | C8: CLM-007 | D8: Mr. Davis (KO) | E8: Q1 program review delivered on time; content reviewed by COR | F8: \\fileserver\TO-Evidence\EVT-007.pdf | G8: Y
A9: EVT-008 | B9: 45993 | C9: CLM-008 | D9: Mr. Davis (KO) | E9: Code coverage measured at 71% on Sprint 14 deliverable | F9: \\fileserver\TO-Evidence\EVT-008.pdf | G9: Y
A10: EVT-009 | B10: 45980 | C10: CLM-009 | D10: MAJ Torres (COR) | E10: On-call technician unreachable for 45 minutes during Severity 1 event | F10: \\fileserver\TO-Evidence\EVT-009.pdf | G10: N
A11: EVT-010 | B11: 45967 | C11: CLM-010 | D11: SSG Miller (QA) | E11: Backup verification log shows 3 failed backups in week of 3/15 | F11: \\fileserver\TO-Evidence\EVT-010.pdf | G11: Y
A12: EVT-011 | B12: 45966 | C12: CLM-011 | D12: Ms. Patel (PM) | E12: Dashboard showed 15-minute data gap during maintenance window | F12: \\fileserver\TO-Evidence\EVT-011.pdf | G12: N
A13: EVT-012 | B13: 45980 | C13: CLM-012 | D13: SSG Miller (QA) | E13: Incident response time: 47 minutes for P1 network outage on 3/22 | F13: \\fileserver\TO-Evidence\EVT-012.pdf | G13: Y
... A26: EVT-025 | B26: 46000 | C26: CLM-025 | D26: SSG Miller (QA) | E26: Personnel audit: 2 of 14 staff have expired interim clearances | F26: \\fileserver\TO-Evidence\EVT-025.pdf | G26: Y

Sheet Reviews
A1: ReviewID | B1: Date | C1: ClaimID | D1: EventID | E1: Finding | F1: Drift Detected | G1: Severity | H1: Reviewer
A2: REV-001 | B2: 46010 | C2: CLM-001 | D2: EVT-001 | E2: Drift confirmed: 3 of last 4 reports late. Pattern, not one-time. | F2: N | G2: Critical | H2: Mr. Jackson (QA)
A3: REV-002 | B3: 46028 | C3: CLM-002 | D3: EVT-002 | E3: Security findings are valid Critical. Deliverable cannot be accepted. | F3: Y | G3: Low | H3: MAJ Torres (COR)
A4: REV-003 | B4: 46048 | C4: CLM-003 | D4: EVT-003 | E4: Uptime below threshold 2 consecutive months. Systemic issue. | F4: Y | G4: High | H4: Ms. Kim (Audit)
A5: REV-004 | B5: 46043 | C5: CLM-004 | D5: EVT-004 | E5: Minor deviation. Verbal counseling sufficient. Monitor next 4 weeks. | F5: Y | G5: Low | H5: CPT Chen (ACOR)
A6: REV-005 | B6: 45998 | C6: CLM-005 | D6: EVT-005 | E6: Clearance gap creates immediate risk. Cannot access SCIF. | F6: N | G6: Medium | H6: Mr. Davis (KO)
A7: REV-006 | B7: 46019 | C7: CLM-006 | D7: EVT-006 | E7: SLA breach pattern: 5 of 8 weeks exceeded. Not isolated. | F7: Y | G7: High | H7: Mr. Jackson (QA)
A8: REV-007 | B8: 46025 | C8: CLM-007 | D8: EVT-007 | E8: Content adequate but delivery format needs improvement. Minor. | F8: Y | G8: Low | H8: MAJ Torres (COR)
A9: REV-008 | B9: 46041 | C9: CLM-008 | D9: EVT-008 | E9: Coverage deficit is a quality risk. Cannot accept until remediated. | F9: Y | G9: Medium | H9: Ms. Kim (Audit)
A10: REV-009 | B10: 45980 | C10: CLM-009 | D10: EVT-009 | E10: On-call failure during Severity 1 is a critical performance issue. | F10: Y | G10: Medium | H10: CPT Chen (ACOR)
A11: REV-010 | B11: 46030 | C11: CLM-010 | D11: EVT-010 | E11: Backup failures create data loss risk. Corrective action required. | F11: N | G11: Low | H11: Mr. Davis (KO)
A12: REV-011 | B12: 46037 | C12: CLM-011 | D12: EVT-011 | E12: Dashboard gap acceptable during scheduled maintenance. No drift. | F12: Y | G12: Critical | H12: Mr. Jackson (QA)
A13: REV-012 | B13: 45963 | C13: CLM-012 | D13: EVT-012 | E13: Response time failure is critical. Incident playbook not followed. | F13: Y | G13: High | H13: MAJ Torres (COR)
... A21: REV-020 | B21: 46000 | C21: CLM-020 | D21: EVT-020 | E21: Clearance gap creates immediate risk. Cannot access SCIF. | F21: N | G21: High | H21: Mr. Davis (KO)

Sheet Patches
A1: PatchID | B1: Date | C1: ReviewID | D1: ClaimID | E1: Correction | F1: Rationale | G1: Approver | H1: Status
A2: PAT-001 | B2: 46022 | C2: REV-001 | D2: CLM-001 | E2: COR letter issued. Contractor to submit corrective action plan by April 15. | F2: Review REV-001 identified drift requiring correction. See linked finding. | G2: Ms. Patel (PM) | H2: Applied
A3: PAT-002 | B3: 46023 | C3: REV-002 | D3: CLM-002 | E3: Deliverable returned. Contractor to remediate 3 Critical findings and resubmit. | F3: Review REV-002 identified drift requiring correction. See linked finding. | G3: Mr. Davis (KO) | H3: Pending
A4: PAT-003 | B4: 45997 | C4: REV-003 | D4: CLM-003 | E4: Performance improvement plan required within 14 days. Next 2 months monitored. | F4: Review REV-003 identified drift requiring correction. See linked finding. | G4: COL Richardson (DPM) | H4: Approved
A5: PAT-004 | B5: 45974 | C5: REV-004 | D5: CLM-004 | E5: Verbal counseling documented in COR file. No formal action at this time. | F5: Review REV-004 identified drift requiring correction. See linked finding. | G5: Ms. Patel (PM) | H5: Approved
A6: PAT-005 | B6: 45968 | C6: REV-005 | D6: CLM-005 | E6: Contractor directed to resolve clearance gaps within 10 business days or replace personnel. | F6: Review REV-005 identified drift requiring correction. See linked finding. | G6: Ms. Patel (PM) | H6: Applied
A7: PAT-006 | B7: 46036 | C7: REV-006 | D7: CLM-006 | E7: Cure notice drafted. 10-day cure period. If not remediated, escalate to KO. | F7: Review REV-006 identified drift requiring correction. See linked finding. | G7: Mr. Davis (KO) | H7: Approved
A8: PAT-007 | B8: 46041 | C8: REV-007 | D8: CLM-007 | E8: COR direction issued: reformat Q2 deliverable per DI-MGMT-81466 template. | F8: Review REV-007 identified drift requiring correction. See linked finding. | G8: COL Richardson (DPM) | H8: Approved
A9: PAT-008 | B9: 45966 | C9: REV-008 | D9: CLM-008 | E9: Sprint 15 deliverable must demonstrate >80% coverage or will be rejected. | F9: Review REV-008 identified drift requiring correction. See linked finding. | G9: Ms. Patel (PM) | H9: Pending
A10: PAT-009 | B10: 46056 | C10: REV-009 | D10: CLM-009 | E10: Contractor to revise on-call procedures and provide updated roster within 7 days. | F10: Review REV-009 identified drift requiring correction. See linked finding. | G10: Ms. Patel (PM) | H10: Applied
A11: PAT-010 | B11: 45973 | C11: REV-010 | D11: CLM-010 | E11: Contractor to implement automated backup verification. Report daily for 30 days. | F11: Review REV-010 identified drift requiring correction. See linked finding. | G11: Mr. Davis (KO) | H11: Approved
A12: PAT-011 | B12: 45974 | C12: REV-011 | D12: CLM-011 | E12: No action required. Dashboard gap within acceptable maintenance window. | F12: Review REV-011 identified drift requiring correction. See linked finding. | G12: COL Richardson (DPM) | H12: Pending
A13: PAT-012 | B13: 46008 | C13: REV-012 | D13: CLM-012 | E13: Contractor to conduct incident response drill within 14 days. Report results. | F13: Review REV-012 identified drift requiring correction. See linked finding. | G13: Ms. Patel (PM) | H13: Pending
... A16: PAT-015 | B16: 46028 | C16: REV-015 | D16: CLM-015 | E16: Written notice issued. Next late delivery triggers formal cure notice. | F16: Review REV-015 identified drift requiring correction. See linked finding. | G16: COL Richardson (DPM) | H16: Approved

Sheet Apply
A1: ApplyID | B1: Date | C1: PatchID | D1: ClaimID | E1: Action Taken | F1: Evidence | G1: Verified By
A2: APL-001 | B2: 46045 | C2: PAT-001 | D2: CLM-001 | E2: CAP received April 14. Reviewed and accepted. April report delivered on time. Claim updated. | F2: \\fileserver\TO-Evidence\APL-001_closeout.pdf | G2: MAJ Torres (COR)
A3: APL-002 | B3: 46068 | C3: PAT-002 | D3: CLM-002 | E3: Resubmission received. All 3 Critical findings remediated. Deliverable accepted. | F3: \\fileserver\TO-Evidence\APL-002_closeout.pdf | G3: Mr. Davis (KO)
A4: APL-003 | B4: 46049 | C4: PAT-003 | D4: CLM-003 | E4: PIP submitted. March uptime measured at 99.1%. Monitoring continues. | F4: \\fileserver\TO-Evidence\APL-003_closeout.pdf | G4: CPT Chen (ACOR)
A5: APL-004 | B5: 46007 | C5: PAT-004 | D5: CLM-004 | E5: Verbal counseling noted. Next 4 reports delivered on time. Issue closed. | F5: \\fileserver\TO-Evidence\APL-004_closeout.pdf | G5: CPT Chen (ACOR)
A6: APL-005 | B6: 46079 | C6: PAT-005 | D6: CLM-005 | E6: 2 personnel replaced within 8 days. Clearance verification confirmed. Claim restored. | F6: \\fileserver\TO-Evidence\APL-005_closeout.pdf | G6: CPT Chen (ACOR)
A7: APL-006 | B7: 46000 | C7: PAT-006 | D7: CLM-006 | E7: Cure notice issued. Help desk SLA met for 4 consecutive weeks after cure. Closed. | F7: \\fileserver\TO-Evidence\APL-006_closeout.pdf | G7: Mr. Jackson (QA)
A8: APL-007 | B8: 45988 | C8: PAT-007 | D8: CLM-007 | E8: Q2 deliverable reformatted correctly. Accepted. Template compliance confirmed. | F8: \\fileserver\TO-Evidence\APL-007_closeout.pdf | G8: CPT Chen (ACOR)
A9: APL-008 | B9: 46021 | C9: PAT-008 | D9: CLM-008 | E9: Sprint 15 code coverage: 84%. Threshold met. Deliverable accepted. | F9: \\fileserver\TO-Evidence\APL-008_closeout.pdf | G9: CPT Chen (ACOR)
A10: APL-009 | B10: 46028 | C10: PAT-009 | D10: CLM-009 | E10: Revised on-call roster received. Drill conducted successfully. Verified operational. | F10: \\fileserver\TO-Evidence\APL-009_closeout.pdf | G10: CPT Chen (ACOR)
A11: APL-010 | B11: 46069 | C11: PAT-010 | D11: CLM-010 | E11: Automated verification implemented. 30-day report shows 100% backup success. Closed. | F11: \\fileserver\TO-Evidence\APL-010_closeout.pdf | G11: Mr. Jackson (QA)
