Workbook

Sheet Dashboard
A1: CERPA v3 — OPERATIONAL DASHBOARD
A3: VOLUME | B3: =COUNTA(tblClaims[ClaimID]) -> 30 | D3: =COUNTA(tblEvents[EventID]) -> 25 | F3: =COUNTA(tblReviews[ReviewID]) -> 20 | H3: =COUNTA(tblPatches[PatchID]) -> 15 | J3: =COUNTA(tblApply[ApplyID]) -> 10
B4: Claims | D4: Events | F4: Reviews | H4: Patches | J4: Applied
A6: DRIFT | G6: SEVERITY
A7: Drift Y | B7: =COUNTIF(tblReviews[DriftDetected],"Y") -> 11 | D7: Dev Y | E7: =COUNTIF(tblEvents[Deviation],"Y") -> 17 | G7: Critical | H7: =COUNTIF(tblReviews[Severity],"Critical") -> 3
A8: Drift N | B8: =COUNTIF(tblReviews[DriftDetected],"N") -> 9 | D8: Dev N | E8: =COUNTIF(tblEvents[Deviation],"N") -> 8 | G8: High | H8: =COUNTIF(tblReviews[Severity],"High") -> 4
A9: Rate | B9: =IF(B7+B8>0,B7/(B7+B8),0) -> 0.55 | D9: Dev Rate | E9: =IF(E7+E8>0,E7/(E7+E8),0) -> 0.68 | G9: Medium | H9: =COUNTIF(tblReviews[Severity],"Medium") -> 6
G10: Low | H10: =COUNTIF(tblReviews[Severity],"Low") -> 7
A12: RISK SCORE | D12: STATUS | G12: COVERAGE
A13: High Risk (>60) | B13: =COUNTIF(tblClaims[RiskScore],">"&60) -> 6 | D13: Open | E13: =COUNTIF(tblClaims[Status],"Open") -> 18 | G13: Event Cov | H13: =IF(COUNTA(tblClaims[ClaimID])>0,COUNTA(tblEvents[EventID])/COUNTA(tblClaims[ClaimID]),0) -> 0.83333333
A14: Medium Risk (30-60) | B14: =COUNTIFS(tblClaims[RiskScore],">"&30,tblClaims[RiskScore],"<="&60) -> 20 | D14: Under Review | E14: =COUNTIF(tblClaims[Status],"Under Review") -> 4 | G14: Review Cov | H14: =IF(COUNTA(tblEvents[EventID])>0,COUNTA(tblReviews[ReviewID])/COUNTA(tblEvents[EventID]),0) -> 0.8
A15: Low Risk (0-30) | B15: =COUNTIFS(tblClaims[RiskScore],">="&0,tblClaims[RiskScore],"<="&30) -> 4 | D15: Patched | E15: =COUNTIF(tblClaims[Status],"Patched") -> 4 | G15: Patch Rate | H15: =IF(COUNTIF(tblReviews[DriftDetected],"Y")>0,COUNTA(tblPatches[PatchID])/COUNTIF(tblReviews[DriftDetected],"Y"),0) -> 1.3636364
A16: Avg Risk Score | B16: =IFERROR(AVERAGEIF(tblClaims[Status],"<>Closed",tblClaims[RiskScore]),"—") -> 51.753846 | D16: Closed | E16: =COUNTIF(tblClaims[Status],"Closed") -> 4 | G16: Apply Rate | H16: =IF(COUNTA(tblPatches[PatchID])>0,COUNTA(tblApply[ApplyID])/COUNTA(tblPatches[PatchID]),0) -> 0.66666667
A18: AGING | D18: CYCLE TIME | G18: CHANGELOG
A19: >30 days | B19: =COUNTIFS(tblClaims[Status],"<>Closed",tblClaims[DaysOpen],">"&30) -> 26 | D19: Evt→Rev (days) | E19: =IFERROR(AVERAGE(Reviews!J2:J21),"—") -> 31.45 | G19: Total Edits | H19: =COUNTA(tblChangelog[EntryNo]) -> 15
A20: >60 days | B20: =COUNTIFS(tblClaims[Status],"<>Closed",tblClaims[DaysOpen],">"&60) -> 26 | D20: Pending>14d | E20: =COUNTIFS(tblPatches[Status],"Pending",tblPatches[Date],"<"&TODAY()-14) -> 4
A21: >90 days | B21: =COUNTIFS(tblClaims[Status],"<>Closed",tblClaims[DaysOpen],">"&90) -> 26 | D21: Completion | E21: =IF(COUNTA(tblClaims[ClaimID])>0,COUNTA(tblApply[ApplyID])/COUNTA(tblClaims[ClaimID]),0) -> 0.33333333
A22: Avg Open | B22: =IFERROR(AVERAGEIF(tblClaims[Status],"<>Closed",tblClaims[DaysOpen]),"—") -> 155.15385
A24: v3 FEATURES: Structured Tables | Risk Scoring Engine | COR Weekly Report | Changelog | Data Validation | INDEX/MATCH Auto-Pull | Overdue Detection

Sheet Claims
A1: ClaimID | B1: Date | C1: Owner | D1: Description | E1: Source | F1: Status | G1: LinkedEventIDs | H1: DaysOpen | I1: DriftCount | J1: MaxSeverity | K1: PatchStatus | L1: RiskScore
A2: CLM-001 | B2: 45941 | C2: MAJ Torres (COR) | D2: Monthly status report by 5th business day | E2: SOW 3.1 | F2: Open | G2: EVT-001 | H2: =IF(F2="Closed","—",TODAY()-B2) -> 152 | I2: =COUNTIFS(Reviews!C:C,A2,Reviews!F:F,"Y") -> 0 | J2: =IFERROR(MAX(COUNTIFS(Reviews!C:C,A2,Reviews!G:G,"Critical")*4,COUNTIFS(Reviews!C:C,A2,Reviews!G:G,"High")*3,COUNTIFS(Reviews!C:C,A2,Reviews!G:G,"Medium")*2,COUNTIFS(Reviews!C:C,A2,Reviews!G:G,"Low")*1),0) -> 4 | K2: =IF(COUNTIFS(Patches!D:D,A2,Patches!H:H,"Applied")>0,"Applied",IF(COUNTIFS(Patches!D:D,A2,Patches!H:H,"Approved")>0,"Approved",IF(COUNTIFS(Patches!D:D,A2,Patches!H:H,"Pending")>0,"Pending","None"))) -> Applied | L2: =IF(F2="Closed",0,ROUND(MIN(IF(ISNUMBER(H2),H2,0),90)/90*25 + MIN(I2,5)/5*30 + J2/4*25 + IF(OR(K2="None",K2="Pending"),20,IF(K2="Approved",10,0)),1)) -> 50
A3: CLM-002 | B3: 45931 | C3: CPT Chen (ACOR) | D3: Software deliverables pass security scan before acceptance | E3: SOW 3.2 | F3: Closed | G3: EVT-002 | H3: =IF(F3="Closed","—",TODAY()-B3) -> — | I3: =COUNTIFS(Reviews!C:C,A3,Reviews!F:F,"Y") -> 1 | J3: =IFERROR(MAX(COUNTIFS(Reviews!C:C,A3,Reviews!G:G,"Critical")*4,COUNTIFS(Reviews!C:C,A3,Reviews!G:G,"High")*3,COUNTIFS(Reviews!C:C,A3,Reviews!G:G,"Medium")*2,COUNTIFS(Reviews!C:C,A3,Reviews!G:G,"Low")*1),0) -> 1 | K3: =IF(COUNTIFS(Patches!D:D,A3,Patches!H:H,"Applied")>0,"Applied",IF(COUNTIFS(Patches!D:D,A3,Patches!H:H,"Approved")>0,"Approved",IF(COUNTIFS(Patches!D:D,A3,Patches!H:H,"Pending")>0,"Pending","None"))) -> Pending | L3: =IF(F3="Closed",0,ROUND(MIN(IF(ISNUMBER(H3),H3,0),90)/90*25 + MIN(I3,5)/5*30 + J3/4*25 + IF(OR(K3="None",K3="Pending"),20,IF(K3="Approved",10,0)),1)) -> 0
A4: CLM-003 | B4: 45935 | C4: Mr. Davis (KO) | D4: Maintain 98% system uptime during core hours | E4: SOW 4.1 | F4: Open | G4: EVT-003 | H4: =IF(F4="Closed","—",TODAY()-B4) -> 158 | I4: =COUNTIFS(Reviews!C:C,A4,Reviews!F:F,"Y") -> 1 | J4: =IFERROR(MAX(COUNTIFS(Reviews!C:C,A4,Reviews!G:G,"Critical")*4,COUNTIFS(Reviews!C:C,A4,Reviews!G:G,"High")*3,COUNTIFS(Reviews!C:C,A4,Reviews!G:G,"Medium")*2,COUNTIFS(Reviews!C:C,A4,Reviews!G:G,"Low")*1),0) -> 3 | K4: =IF(COUNTIFS(Patches!D:D,A4,Patches!H:H,"Applied")>0,"Applied",IF(COUNTIFS(Patches!D:D,A4,Patches!H:H,"Approved")>0,"Approved",IF(COUNTIFS(Patches!D:D,A4,Patches!H:H,"Pending")>0,"Pending","None"))) -> Approved | L4: =IF(F4="Closed",0,ROUND(MIN(IF(ISNUMBER(H4),H4,0),90)/90*25 + MIN(I4,5)/5*30 + J4/4*25 + IF(OR(K4="None",K4="Pending"),20,IF(K4="Approved",10,0)),1)) -> 59.8
A5: CLM-004 | B5: 45934 | C5: Ms. Patel (PM) | D5: Weekly staffing report due Monday by 1200 | E5: SOW 5.3 | F5: Open | G5: EVT-004 | H5: =IF(F5="Closed","—",TODAY()-B5) -> 159 | I5: =COUNTIFS(Reviews!C:C,A5,Reviews!F:F,"Y") -> 1 | J5: =IFERROR(MAX(COUNTIFS(Reviews!C:C,A5,Reviews!G:G,"Critical")*4,COUNTIFS(Reviews!C:C,A5,Reviews!G:G,"High")*3,COUNTIFS(Reviews!C:C,A5,Reviews!G:G,"Medium")*2,COUNTIFS(Reviews!C:C,A5,Reviews!G:G,"Low")*1),0) -> 1 | K5: =IF(COUNTIFS(Patches!D:D,A5,Patches!H:H,"Applied")>0,"Applied",IF(COUNTIFS(Patches!D:D,A5,Patches!H:H,"Approved")>0,"Approved",IF(COUNTIFS(Patches!D:D,A5,Patches!H:H,"Pending")>0,"Pending","None"))) -> Approved | L5: =IF(F5="Closed",0,ROUND(MIN(IF(ISNUMBER(H5),H5,0),90)/90*25 + MIN(I5,5)/5*30 + J5/4*25 + IF(OR(K5="None",K5="Pending"),20,IF(K5="Approved",10,0)),1)) -> 47.3
A6: CLM-005 | B6: 45942 | C6: SSG Miller (QA) | D6: All personnel hold TS/SCI clearance | E6: CDRL A001 | F6: Open | G6: EVT-005 | H6: =IF(F6="Closed","—",TODAY()-B6) -> 151 | I6: =COUNTIFS(Reviews!C:C,A6,Reviews!F:F,"Y") -> 0 | J6: =IFERROR(MAX(COUNTIFS(Reviews!C:C,A6,Reviews!G:G,"Critical")*4,COUNTIFS(Reviews!C:C,A6,Reviews!G:G,"High")*3,COUNTIFS(Reviews!C:C,A6,Reviews!G:G,"Medium")*2,COUNTIFS(Reviews!C:C,A6,Reviews!G:G,"Low")*1),0) -> 2 | K6: =IF(COUNTIFS(Patches!D:D,A6,Patches!H:H,"Applied")>0,"Applied",IF(COUNTIFS(Patches!D:D,A6,Patches!H:H,"Approved")>0,"Approved",IF(COUNTIFS(Patches!D:D,A6,Patches!H:H,"Pending")>0,"Pending","None"))) -> Applied | L6: =IF(F6="Closed",0,ROUND(MIN(IF(ISNUMBER(H6),H6,0),90)/90*25 + MIN(I6,5)/5*30 + J6/4*25 + IF(OR(K6="None",K6="Pending"),20,IF(K6="Approved",10,0)),1)) -> 37.5
A7: CLM-006 | B7: 45941 | C7: MAJ Torres (COR) | D7: Help desk response within 15 min during business hours | E7: CDRL A003 | F7: Closed | G7: EVT-006 | H7: =IF(F7="Closed","—",TODAY()-B7) -> — | I7: =COUNTIFS(Reviews!C:C,A7,Reviews!F:F,"Y") -> 1 | J7: =IFERROR(MAX(COUNTIFS(Reviews!C:C,A7,Reviews!G:G,"Critical")*4,COUNTIFS(Reviews!C:C,A7,Reviews!G:G,"High")*3,COUNTIFS(Reviews!C:C,A7,Reviews!G:G,"Medium")*2,COUNTIFS(Reviews!C:C,A7,Reviews!G:G,"Low")*1),0) -> 3 | K7: =IF(COUNTIFS(Patches!D:D,A7,Patches!H:H,"Applied")>0,"Applied",IF(COUNTIFS(Patches!D:D,A7,Patches!H:H,"Approved")>0,"Approved",IF(COUNTIFS(Patches!D:D,A7,Patches!H:H,"Pending")>0,"Pending","None"))) -> Approved | L7: =IF(F7="Closed",0,ROUND(MIN(IF(ISNUMBER(H7),H7,0),90)/90*25 + MIN(I7,5)/5*30 + J7/4*25 + IF(OR(K7="None",K7="Pending"),20,IF(K7="Approved",10,0)),1)) -> 0
A8: CLM-007 | B8: 45945 | C8: CPT Chen (ACOR) | D8: Quarterly program review by 10th of quarter | E8: CDRL A005 | F8: Patched | G8: EVT-007 | H8: =IF(F8="Closed","—",TODAY()-B8) -> 148 | I8: =COUNTIFS(Reviews!C:C,A8,Reviews!F:F,"Y") -> 1 | J8: =IFERROR(MAX(COUNTIFS(Reviews!C:C,A8,Reviews!G:G,"Critical")*4,COUNTIFS(Reviews!C:C,A8,Reviews!G:G,"High")*3,COUNTIFS(Reviews!C:C,A8,Reviews!G:G,"Medium")*2,COUNTIFS(Reviews!C:C,A8,Reviews!G:G,"Low")*1),0) -> 1 | K8: =IF(COUNTIFS(Patches!D:D,A8,Patches!H:H,"Applied")>0,"Applied",IF(COUNTIFS(Patches!D:D,A8,Patches!H:H,"Approved")>0,"Approved",IF(COUNTIFS(Patches!D:D,A8,Patches!H:H,"Pending")>0,"Pending","None"))) -> Approved | L8: =IF(F8="Closed",0,ROUND(MIN(IF(ISNUMBER(H8),H8,0),90)/90*25 + MIN(I8,5)/5*30 + J8/4*25 + IF(OR(K8="None",K8="Pending"),20,IF(K8="Approved",10,0)),1)) -> 47.3
A9: CLM-008 | B9: 45932 | C9: Mr. Davis (KO) | D9: Code commits include >80% unit test coverage | E9: PWS 3.2.1 | F9: Patched | G9: EVT-008 | H9: =IF(F9="Closed","—",TODAY()-B9) -> 161 | I9: =COUNTIFS(Reviews!C:C,A9,Reviews!F:F,"Y") -> 1 | J9: =IFERROR(MAX(COUNTIFS(Reviews!C:C,A9,Reviews!G:G,"Critical")*4,COUNTIFS(Reviews!C:C,A9,Reviews!G:G,"High")*3,COUNTIFS(Reviews!C:C,A9,Reviews!G:G,"Medium")*2,COUNTIFS(Reviews!C:C,A9,Reviews!G:G,"Low")*1),0) -> 2 | K9: =IF(COUNTIFS(Patches!D:D,A9,Patches!H:H,"Applied")>0,"Applied",IF(COUNTIFS(Patches!D:D,A9,Patches!H:H,"Approved")>0,"Approved",IF(COUNTIFS(Patches!D:D,A9,Patches!H:H,"Pending")>0,"Pending","None"))) -> Pending | L9: =IF(F9="Closed",0,ROUND(MIN(IF(ISNUMBER(H9),H9,0),90)/90*25 + MIN(I9,5)/5*30 + J9/4*25 + IF(OR(K9="None",K9="Pending"),20,IF(K9="Approved",10,0)),1)) -> 63.5
A10: CLM-009 | B10: 45937 | C10: Ms. Patel (PM) | D10: 24/7 on-call support for critical systems | E10: PWS 4.1.3 | F10: Open | G10: EVT-009 | H10: =IF(F10="Closed","—",TODAY()-B10) -> 156 | I10: =COUNTIFS(Reviews!C:C,A10,Reviews!F:F,"Y") -> 1 | J10: =IFERROR(MAX(COUNTIFS(Reviews!C:C,A10,Reviews!G:G,"Critical")*4,COUNTIFS(Reviews!C:C,A10,Reviews!G:G,"High")*3,COUNTIFS(Reviews!C:C,A10,Reviews!G:G,"Medium")*2,COUNTIFS(Reviews!C:C,A10,Reviews!G:G,"Low")*1),0) -> 2 | K10: =IF(COUNTIFS(Patches!D:D,A10,Patches!H:H,"Applied")>0,"Applied",IF(COUNTIFS(Patches!D:D,A10,Patches!H:H,"Approved")>0,"Approved",IF(COUNTIFS(Patches!D:D,A10,Patches!H:H,"Pending")>0,"Pending","None"))) -> Applied | L10: =IF(F10="Closed",0,ROUND(MIN(IF(ISNUMBER(H10),H10,0),90)/90*25 + MIN(I10,5)/5*30 + J10/4*25 + IF(OR(K10="None",K10="Pending"),20,IF(K10="Approved",10,0)),1)) -> 43.5
A11: CLM-010 | B11: 45931 | C11: SSG Miller (QA) | D11: Nightly backup with weekly verification log | E11: QASP 2 | F11: Open | G11: EVT-010 | H11: =IF(F11="Closed","—",TODAY()-B11) -> 162 | I11: =COUNTIFS(Reviews!C:C,A11,Reviews!F:F,"Y") -> 0 | J11: =IFERROR(MAX(COUNTIFS(Reviews!C:C,A11,Reviews!G:G,"Critical")*4,COUNTIFS(Reviews!C:C,A11,Reviews!G:G,"High")*3,COUNTIFS(Reviews!C:C,A11,Reviews!G:G,"Medium")*2,COUNTIFS(Reviews!C:C,A11,Reviews!G:G,"Low")*1),0) -> 1 | K11: =IF(COUNTIFS(Patches!D:D,A11,Patches!H:H,"Applied")>0,"Applied",IF(COUNTIFS(Patches!D:D,A11,Patches!H:H,"Approved")>0,"Approved",IF(COUNTIFS(Patches!D:D,A11,Patches!H:H,"Pending")>0,"Pending","None"))) -> Approved | L11: =IF(F11="Closed",0,ROUND(MIN(IF(ISNUMBER(H11),H11,0),90)/90*25 + MIN(I11,5)/5*30 + J11/4*25 + IF(OR(K11="None",K11="Pending"),20,IF(K11="Approved",10,0)),1)) -> 41.3
A12: CLM-011 | B12: 45934 | C12: MAJ Torres (COR) | D12: Network monitoring dashboard real-time 5-min refresh | E12: QASP 4 | F12: Open | G12: EVT-011 | H12: =IF(F12="Closed","—",TODAY()-B12) -> 159 | I12: =COUNTIFS(Reviews!C:C,A12,Reviews!F:F,"Y") -> 1 | J12: =IFERROR(MAX(COUNTIFS(Reviews!C:C,A12,Reviews!G:G,"Critical")*4,COUNTIFS(Reviews!C:C,A12,Reviews!G:G,"High")*3,COUNTIFS(Reviews!C:C,A12,Reviews!G:G,"Medium")*2,COUNTIFS(Reviews!C:C,A12,Reviews!G:G,"Low")*1),0) -> 4 | K12: =IF(COUNTIFS(Patches!D:D,A12,Patches!H:H,"Applied")>0,"Applied",IF(COUNTIFS(Patches!D:D,A12,Patches!H:H,"Approved")>0,"Approved",IF(COUNTIFS(Patches!D:D,A12,Patches!H:H,"Pending")>0,"Pending","None"))) -> Pending | L12: =IF(F12="Closed",0,ROUND(MIN(IF(ISNUMBER(H12),H12,0),90)/90*25 + MIN(I12,5)/5*30 + J12/4*25 + IF(OR(K12="None",K12="Pending"),20,IF(K12="Approved",10,0)),1)) -> 76
A13: CLM-012 | B13: 45939 | C13: CPT Chen (ACOR) | D13: Incident response within 30 min of detection | E13: TO Mod 001 | F13: Patched | G13: EVT-012 | H13: =IF(F13="Closed","—",TODAY()-B13) -> 154 | I13: =COUNTIFS(Reviews!C:C,A13,Reviews!F:F,"Y") -> 1 | J13: =IFERROR(MAX(COUNTIFS(Reviews!C:C,A13,Reviews!G:G,"Critical")*4,COUNTIFS(Reviews!C:C,A13,Reviews!G:G,"High")*3,COUNTIFS(Reviews!C:C,A13,Reviews!G:G,"Medium")*2,COUNTIFS(Reviews!C:C,A13,Reviews!G:G,"Low")*1),0) -> 3 | K13: =IF(COUNTIFS(Patches!D:D,A13,Patches!H:H,"Applied")>0,"Applied",IF(COUNTIFS(Patches!D:D,A13,Patches!H:H,"Approved")>0,"Approved",IF(COUNTIFS(Patches!D:D,A13,Patches!H:H,"Pending")>0,"Pending","None"))) -> Pending | L13: =IF(F13="Closed",0,ROUND(MIN(IF(ISNUMBER(H13),H13,0),90)/90*25 + MIN(I13,5)/5*30 + J13/4*25 + IF(OR(K13="None",K13="Pending"),20,IF(K13="Approved",10,0)),1)) -> 69.8
... A26: CLM-025 | B26: 45932 | C26: SSG Miller (QA) | D26: Final delivery acceptance within 10 business days | E26: QASP 2 | F26: Open | G26: EVT-025 | H26: =IF(F26="Closed","—",TODAY()-B26) -> 161 | I26: =COUNTIFS(Reviews!C:C,A26,Reviews!F:F,"Y") -> 0 | J26: =IFERROR(MAX(COUNTIFS(Reviews!C:C,A26,Reviews!G:G,"Critical")*4,COUNTIFS(Reviews!C:C,A26,Reviews!G:G,"High")*3,COUNTIFS(Reviews!C:C,A26,Reviews!G:G,"Medium")*2,COUNTIFS(Reviews!C:C,A26,Reviews!G:G,"Low")*1),0) -> 0 | K26: =IF(COUNTIFS(Patches!D:D,A26,Patches!H:H,"Applied")>0,"Applied",IF(COUNTIFS(Patches!D:D,A26,Patches!H:H,"Approved")>0,"Approved",IF(COUNTIFS(Patches!D:D,A26,Patches!H:H,"Pending")>0,"Pending","None"))) -> None | L26: =IF(F26="Closed",0,ROUND(MIN(IF(ISNUMBER(H26),H26,0),90)/90*25 + MIN(I26,5)/5*30 + J26/4*25 + IF(OR(K26="None",K26="Pending"),20,IF(K26="Approved",10,0)),1)) -> 45
A27: CLM-026 | B27: 45937 | C27: MAJ Torres (COR) | D27: Maintain ISO 27001 certification throughout PoP | E27: QASP 4 | F27: Open | H27: =IF(F27="Closed","—",TODAY()-B27) -> 156 | I27: =COUNTIFS(Reviews!C:C,A27,Reviews!F:F,"Y") -> 0 | J27: =IFERROR(MAX(COUNTIFS(Reviews!C:C,A27,Reviews!G:G,"Critical")*4,COUNTIFS(Reviews!C:C,A27,Reviews!G:G,"High")*3,COUNTIFS(Reviews!C:C,A27,Reviews!G:G,"Medium")*2,COUNTIFS(Reviews!C:C,A27,Reviews!G:G,"Low")*1),0) -> 0 | K27: =IF(COUNTIFS(Patches!D:D,A27,Patches!H:H,"Applied")>0,"Applied",IF(COUNTIFS(Patches!D:D,A27,Patches!H:H,"Approved")>0,"Approved",IF(COUNTIFS(Patches!D:D,A27,Patches!H:H,"Pending")>0,"Pending","None"))) -> None | L27: =IF(F27="Closed",0,ROUND(MIN(IF(ISNUMBER(H27),H27,0),90)/90*25 + MIN(I27,5)/5*30 + J27/4*25 + IF(OR(K27="None",K27="Pending"),20,IF(K27="Approved",10,0)),1)) -> 45
A28: CLM-027 | B28: 45936 | C28: CPT Chen (ACOR) | D28: Sub-contractor performance reported quarterly | E28: TO Mod 001 | F28: Open | H28: =IF(F28="Closed","—",TODAY()-B28) -> 157 | I28: =COUNTIFS(Reviews!C:C,A28,Reviews!F:F,"Y") -> 0 | J28: =IFERROR(MAX(COUNTIFS(Reviews!C:C,A28,Reviews!G:G,"Critical")*4,COUNTIFS(Reviews!C:C,A28,Reviews!G:G,"High")*3,COUNTIFS(Reviews!C:C,A28,Reviews!G:G,"Medium")*2,COUNTIFS(Reviews!C:C,A28,Reviews!G:G,"Low")*1),0) -> 0 | K28: =IF(COUNTIFS(Patches!D:D,A28,Patches!H:H,"Applied")>0,"Applied",IF(COUNTIFS(Patches!D:D,A28,Patches!H:H,"Approved")>0,"Approved",IF(COUNTIFS(Patches!D:D,A28,Patches!H:H,"Pending")>0,"Pending","None"))) -> None | L28: =IF(F28="Closed",0,ROUND(MIN(IF(ISNUMBER(H28),H28,0),90)/90*25 + MIN(I28,5)/5*30 + J28/4*25 + IF(OR(K28="None",K28="Pending"),20,IF(K28="Approved",10,0)),1)) -> 45
A29: CLM-028 | B29: 45940 | C29: Mr. Davis (KO) | D29: EVM reports delivered monthly per CDRL | E29: TO Mod 003 | F29: Open | H29: =IF(F29="Closed","—",TODAY()-B29) -> 153 | I29: =COUNTIFS(Reviews!C:C,A29,Reviews!F:F,"Y") -> 0 | J29: =IFERROR(MAX(COUNTIFS(Reviews!C:C,A29,Reviews!G:G,"Critical")*4,COUNTIFS(Reviews!C:C,A29,Reviews!G:G,"High")*3,COUNTIFS(Reviews!C:C,A29,Reviews!G:G,"Medium")*2,COUNTIFS(Reviews!C:C,A29,Reviews!G:G,"Low")*1),0) -> 0 | K29: =IF(COUNTIFS(Patches!D:D,A29,Patches!H:H,"Applied")>0,"Applied",IF(COUNTIFS(Patches!D:D,A29,Patches!H:H,"Approved")>0,"Approved",IF(COUNTIFS(Patches!D:D,A29,Patches!H:H,"Pending")>0,"Pending","None"))) -> None | L29: =IF(F29="Closed",0,ROUND(MIN(IF(ISNUMBER(H29),H29,0),90)/90*25 + MIN(I29,5)/5*30 + J29/4*25 + IF(OR(K29="None",K29="Pending"),20,IF(K29="Approved",10,0)),1)) -> 45
A30: CLM-029 | B30: 45943 | C30: Ms. Patel (PM) | D30: Access control logs reviewed weekly | E30: Policy 24-01 | F30: Open | H30: =IF(F30="Closed","—",TODAY()-B30) -> 150 | I30: =COUNTIFS(Reviews!C:C,A30,Reviews!F:F,"Y") -> 0 | J30: =IFERROR(MAX(COUNTIFS(Reviews!C:C,A30,Reviews!G:G,"Critical")*4,COUNTIFS(Reviews!C:C,A30,Reviews!G:G,"High")*3,COUNTIFS(Reviews!C:C,A30,Reviews!G:G,"Medium")*2,COUNTIFS(Reviews!C:C,A30,Reviews!G:G,"Low")*1),0) -> 0 | K30: =IF(COUNTIFS(Patches!D:D,A30,Patches!H:H,"Applied")>0,"Applied",IF(COUNTIFS(Patches!D:D,A30,Patches!H:H,"Approved")>0,"Approved",IF(COUNTIFS(Patches!D:D,A30,Patches!H:H,"Pending")>0,"Pending","None"))) -> None | L30: =IF(F30="Closed",0,ROUND(MIN(IF(ISNUMBER(H30),H30,0),90)/90*25 + MIN(I30,5)/5*30 + J30/4*25 + IF(OR(K30="None",K30="Pending"),20,IF(K30="Approved",10,0)),1)) -> 45
A31: CLM-030 | B31: 45942 | C31: SSG Miller (QA) | D31: Lessons learned within 30 days of milestone | E31: COR Dir 25-001 | F31: Under Review | H31: =IF(F31="Closed","—",TODAY()-B31) -> 151 | I31: =COUNTIFS(Reviews!C:C,A31,Reviews!F:F,"Y") -> 0 | J31: =IFERROR(MAX(COUNTIFS(Reviews!C:C,A31,Reviews!G:G,"Critical")*4,COUNTIFS(Reviews!C:C,A31,Reviews!G:G,"High")*3,COUNTIFS(Reviews!C:C,A31,Reviews!G:G,"Medium")*2,COUNTIFS(Reviews!C:C,A31,Reviews!G:G,"Low")*1),0) -> 0 | K31: =IF(COUNTIFS(Patches!D:D,A31,Patches!H:H,"Applied")>0,"Applied",IF(COUNTIFS(Patches!D:D,A31,Patches!H:H,"Approved")>0,"Approved",IF(COUNTIFS(Patches!D:D,A31,Patches!H:H,"Pending")>0,"Pending","None"))) -> None | L31: =IF(F31="Closed",0,ROUND(MIN(IF(ISNUMBER(H31),H31,0),90)/90*25 + MIN(I31,5)/5*30 + J31/4*25 + IF(OR(K31="None",K31="Pending"),20,IF(K31="Approved",10,0)),1)) -> 45

Sheet Events
A1: EventID | B1: Date | C1: ClaimID | D1: Observer | E1: WhatHappened | F1: Evidence | G1: Deviation | H1: ClaimDesc_auto | I1: ClaimSource_auto
A2: EVT-001 | B2: 46014 | C2: CLM-001 | D2: MAJ Torres (COR) | E2: March report delivered 12th business day — 7 days late | F2: \\server\Evidence\EVT-001.pdf | G2: N | H2: =IFERROR(INDEX(Claims!D:D,MATCH(C2,Claims!A:A,0)),"—") -> Monthly status report by 5th business day | I2: =IFERROR(INDEX(Claims!E:E,MATCH(C2,Claims!A:A,0)),"—") -> SOW 3.1
A3: EVT-002 | B3: 45956 | C3: CLM-002 | D3: SSG Miller (QA) | E3: Security scan: 3 critical findings | F3: \\server\Evidence\EVT-002.pdf | G3: Y | H3: =IFERROR(INDEX(Claims!D:D,MATCH(C3,Claims!A:A,0)),"—") -> Software deliverables pass security scan before acceptance | I3: =IFERROR(INDEX(Claims!E:E,MATCH(C3,Claims!A:A,0)),"—") -> SOW 3.2
A4: EVT-003 | B4: 45992 | C4: CLM-003 | D4: SSG Miller (QA) | E4: Feb uptime 94.2% — below 98% | F4: \\server\Evidence\EVT-003.pdf | G4: Y | H4: =IFERROR(INDEX(Claims!D:D,MATCH(C4,Claims!A:A,0)),"—") -> Maintain 98% system uptime during core hours | I4: =IFERROR(INDEX(Claims!E:E,MATCH(C4,Claims!A:A,0)),"—") -> SOW 4.1
A5: EVT-004 | B5: 45954 | C5: CLM-004 | D5: MAJ Torres (COR) | E5: Staffing report Monday at 1430 — 2.5 hrs late | F5: \\server\Evidence\EVT-004.pdf | G5: Y | H5: =IFERROR(INDEX(Claims!D:D,MATCH(C5,Claims!A:A,0)),"—") -> Weekly staffing report due Monday by 1200 | I5: =IFERROR(INDEX(Claims!E:E,MATCH(C5,Claims!A:A,0)),"—") -> SOW 5.3
A6: EVT-005 | B6: 45983 | C6: CLM-005 | D6: MAJ Torres (COR) | E6: 2 of 14 staff have expired clearances | F6: \\server\Evidence\EVT-005.pdf | G6: Y | H6: =IFERROR(INDEX(Claims!D:D,MATCH(C6,Claims!A:A,0)),"—") -> All personnel hold TS/SCI clearance | I6: =IFERROR(INDEX(Claims!E:E,MATCH(C6,Claims!A:A,0)),"—") -> CDRL A001
A7: EVT-006 | B7: 45958 | C7: CLM-006 | D7: Ms. Patel (PM) | E7: Help desk avg response: 22 min — exceeds SLA | F7: \\server\Evidence\EVT-006.pdf | G7: Y | H7: =IFERROR(INDEX(Claims!D:D,MATCH(C7,Claims!A:A,0)),"—") -> Help desk response within 15 min during business hours | I7: =IFERROR(INDEX(Claims!E:E,MATCH(C7,Claims!A:A,0)),"—") -> CDRL A003
A8: EVT-007 | B8: 46004 | C8: CLM-007 | D8: Mr. Davis (KO) | E8: Q1 review on time; content reviewed | F8: \\server\Evidence\EVT-007.pdf | G8: Y | H8: =IFERROR(INDEX(Claims!D:D,MATCH(C8,Claims!A:A,0)),"—") -> Quarterly program review by 10th of quarter | I8: =IFERROR(INDEX(Claims!E:E,MATCH(C8,Claims!A:A,0)),"—") -> CDRL A005
A9: EVT-008 | B9: 45993 | C9: CLM-008 | D9: Mr. Davis (KO) | E9: Code coverage 71% on Sprint 14 | F9: \\server\Evidence\EVT-008.pdf | G9: Y | H9: =IFERROR(INDEX(Claims!D:D,MATCH(C9,Claims!A:A,0)),"—") -> Code commits include >80% unit test coverage | I9: =IFERROR(INDEX(Claims!E:E,MATCH(C9,Claims!A:A,0)),"—") -> PWS 3.2.1
A10: EVT-009 | B10: 45980 | C10: CLM-009 | D10: MAJ Torres (COR) | E10: On-call unreachable 45 min during Sev1 | F10: \\server\Evidence\EVT-009.pdf | G10: N | H10: =IFERROR(INDEX(Claims!D:D,MATCH(C10,Claims!A:A,0)),"—") -> 24/7 on-call support for critical systems | I10: =IFERROR(INDEX(Claims!E:E,MATCH(C10,Claims!A:A,0)),"—") -> PWS 4.1.3
A11: EVT-010 | B11: 45967 | C11: CLM-010 | D11: SSG Miller (QA) | E11: 3 failed backups week of 3/15 | F11: \\server\Evidence\EVT-010.pdf | G11: Y | H11: =IFERROR(INDEX(Claims!D:D,MATCH(C11,Claims!A:A,0)),"—") -> Nightly backup with weekly verification log | I11: =IFERROR(INDEX(Claims!E:E,MATCH(C11,Claims!A:A,0)),"—") -> QASP 2
A12: EVT-011 | B12: 45966 | C12: CLM-011 | D12: Ms. Patel (PM) | E12: Dashboard 15-min gap during maintenance | F12: \\server\Evidence\EVT-011.pdf | G12: N | H12: =IFERROR(INDEX(Claims!D:D,MATCH(C12,Claims!A:A,0)),"—") -> Network monitoring dashboard real-time 5-min refresh | I12: =IFERROR(INDEX(Claims!E:E,MATCH(C12,Claims!A:A,0)),"—") -> QASP 4
A13: EVT-012 | B13: 45980 | C13: CLM-012 | D13: SSG Miller (QA) | E13: Incident response: 47 min for P1 outage | F13: \\server\Evidence\EVT-012.pdf | G13: Y | H13: =IFERROR(INDEX(Claims!D:D,MATCH(C13,Claims!A:A,0)),"—") -> Incident response within 30 min of detection | I13: =IFERROR(INDEX(Claims!E:E,MATCH(C13,Claims!A:A,0)),"—") -> TO Mod 001
... A26: EVT-025 | B26: 46000 | C26: CLM-025 | D26: SSG Miller (QA) | E26: GFE log: 3 items unaccounted for | F26: \\server\Evidence\EVT-025.pdf | G26: Y | H26: =IFERROR(INDEX(Claims!D:D,MATCH(C26,Claims!A:A,0)),"—") -> Final delivery acceptance within 10 business days | I26: =IFERROR(INDEX(Claims!E:E,MATCH(C26,Claims!A:A,0)),"—") -> QASP 2

Sheet Reviews
A1: ReviewID | B1: Date | C1: ClaimID | D1: EventID | E1: Finding | F1: DriftDetected | G1: Severity | H1: Reviewer | I1: ClaimDesc_auto | J1: DaysSinceEvent
A2: REV-001 | B2: 46010 | C2: CLM-001 | D2: EVT-001 | E2: 3 of 4 reports late. Pattern. | F2: N | G2: Critical | H2: Mr. Jackson (QA) | I2: =IFERROR(INDEX(Claims!D:D,MATCH(C2,Claims!A:A,0)),"—") -> Monthly status report by 5th business day | J2: =IFERROR(B2-INDEX(Events!B:B,MATCH(D2,Events!A:A,0)),"—") -> -4
A3: REV-002 | B3: 46028 | C3: CLM-002 | D3: EVT-002 | E3: Critical findings. Cannot accept. | F3: Y | G3: Low | H3: MAJ Torres (COR) | I3: =IFERROR(INDEX(Claims!D:D,MATCH(C3,Claims!A:A,0)),"—") -> Software deliverables pass security scan before acceptance | J3: =IFERROR(B3-INDEX(Events!B:B,MATCH(D3,Events!A:A,0)),"—") -> 72
A4: REV-003 | B4: 46048 | C4: CLM-003 | D4: EVT-003 | E4: Uptime below 2 months. Systemic. | F4: Y | G4: High | H4: Ms. Kim (Audit) | I4: =IFERROR(INDEX(Claims!D:D,MATCH(C4,Claims!A:A,0)),"—") -> Maintain 98% system uptime during core hours | J4: =IFERROR(B4-INDEX(Events!B:B,MATCH(D4,Events!A:A,0)),"—") -> 56
A5: REV-004 | B5: 46043 | C5: CLM-004 | D5: EVT-004 | E5: Minor. Verbal counseling. Monitor 4 weeks. | F5: Y | G5: Low | H5: CPT Chen (ACOR) | I5: =IFERROR(INDEX(Claims!D:D,MATCH(C5,Claims!A:A,0)),"—") -> Weekly staffing report due Monday by 1200 | J5: =IFERROR(B5-INDEX(Events!B:B,MATCH(D5,Events!A:A,0)),"—") -> 89
A6: REV-005 | B6: 45998 | C6: CLM-005 | D6: EVT-005 | E6: Clearance gap. Cannot access SCIF. | F6: N | G6: Medium | H6: Mr. Davis (KO) | I6: =IFERROR(INDEX(Claims!D:D,MATCH(C6,Claims!A:A,0)),"—") -> All personnel hold TS/SCI clearance | J6: =IFERROR(B6-INDEX(Events!B:B,MATCH(D6,Events!A:A,0)),"—") -> 15
A7: REV-006 | B7: 46019 | C7: CLM-006 | D7: EVT-006 | E7: SLA breach 5 of 8 weeks. Not isolated. | F7: Y | G7: High | H7: Mr. Jackson (QA) | I7: =IFERROR(INDEX(Claims!D:D,MATCH(C7,Claims!A:A,0)),"—") -> Help desk response within 15 min during business hours | J7: =IFERROR(B7-INDEX(Events!B:B,MATCH(D7,Events!A:A,0)),"—") -> 61
A8: REV-007 | B8: 46025 | C8: CLM-007 | D8: EVT-007 | E8: Content ok. Format needs work. Minor. | F8: Y | G8: Low | H8: MAJ Torres (COR) | I8: =IFERROR(INDEX(Claims!D:D,MATCH(C8,Claims!A:A,0)),"—") -> Quarterly program review by 10th of quarter | J8: =IFERROR(B8-INDEX(Events!B:B,MATCH(D8,Events!A:A,0)),"—") -> 21
A9: REV-008 | B9: 46041 | C9: CLM-008 | D9: EVT-008 | E9: Coverage deficit. Quality risk. | F9: Y | G9: Medium | H9: Ms. Kim (Audit) | I9: =IFERROR(INDEX(Claims!D:D,MATCH(C9,Claims!A:A,0)),"—") -> Code commits include >80% unit test coverage | J9: =IFERROR(B9-INDEX(Events!B:B,MATCH(D9,Events!A:A,0)),"—") -> 48
A10: REV-009 | B10: 45980 | C10: CLM-009 | D10: EVT-009 | E10: On-call failure during Sev1. Critical. | F10: Y | G10: Medium | H10: CPT Chen (ACOR) | I10: =IFERROR(INDEX(Claims!D:D,MATCH(C10,Claims!A:A,0)),"—") -> 24/7 on-call support for critical systems | J10: =IFERROR(B10-INDEX(Events!B:B,MATCH(D10,Events!A:A,0)),"—") -> 0
A11: REV-010 | B11: 46030 | C11: CLM-010 | D11: EVT-010 | E11: Backup failures. Data loss risk. | F11: N | G11: Low | H11: Mr. Davis (KO) | I11: =IFERROR(INDEX(Claims!D:D,MATCH(C11,Claims!A:A,0)),"—") -> Nightly backup with weekly verification log | J11: =IFERROR(B11-INDEX(Events!B:B,MATCH(D11,Events!A:A,0)),"—") -> 63
A12: REV-011 | B12: 46037 | C12: CLM-011 | D12: EVT-011 | E12: Gap acceptable during maintenance. | F12: Y | G12: Critical | H12: Mr. Jackson (QA) | I12: =IFERROR(INDEX(Claims!D:D,MATCH(C12,Claims!A:A,0)),"—") -> Network monitoring dashboard real-time 5-min refresh | J12: =IFERROR(B12-INDEX(Events!B:B,MATCH(D12,Events!A:A,0)),"—") -> 71
A13: REV-012 | B13: 45963 | C13: CLM-012 | D13: EVT-012 | E13: Response time critical. Playbook not followed. | F13: Y | G13: High | H13: MAJ Torres (COR) | I13: =IFERROR(INDEX(Claims!D:D,MATCH(C13,Claims!A:A,0)),"—") -> Incident response within 30 min of detection | J13: =IFERROR(B13-INDEX(Events!B:B,MATCH(D13,Events!A:A,0)),"—") -> -17
... A21: REV-020 | B21: 46000 | C21: CLM-020 | D21: EVT-020 | E21: Financial delay impairs visibility. | F21: N | G21: High | H21: Mr. Davis (KO) | I21: =IFERROR(INDEX(Claims!D:D,MATCH(C21,Claims!A:A,0)),"—") -> Monthly financial report with burn-rate by 10th | J21: =IFERROR(B21-INDEX(Events!B:B,MATCH(D21,Events!A:A,0)),"—") -> 21

Sheet Patches
A1: PatchID | B1: Date | C1: ReviewID | D1: ClaimID | E1: Correction | F1: Rationale | G1: Approver | H1: Status | I1: ClaimDesc_auto | J1: ReviewFinding_auto
A2: PAT-001 | B2: 46022 | C2: REV-001 | D2: CLM-001 | E2: COR letter. CAP due April 15. | F2: Review REV-001 drift requiring correction. | G2: Ms. Patel (PM) | H2: Applied | I2: =IFERROR(INDEX(Claims!D:D,MATCH(D2,Claims!A:A,0)),"—") -> Monthly status report by 5th business day | J2: =IFERROR(INDEX(Reviews!E:E,MATCH(C2,Reviews!A:A,0)),"—") -> 3 of 4 reports late. Pattern.
A3: PAT-002 | B3: 46023 | C3: REV-002 | D3: CLM-002 | E3: Deliverable returned. Remediate and resubmit. | F3: Review REV-002 drift requiring correction. | G3: Mr. Davis (KO) | H3: Pending | I3: =IFERROR(INDEX(Claims!D:D,MATCH(D3,Claims!A:A,0)),"—") -> Software deliverables pass security scan before acceptance | J3: =IFERROR(INDEX(Reviews!E:E,MATCH(C3,Reviews!A:A,0)),"—") -> Critical findings. Cannot accept.
A4: PAT-003 | B4: 45997 | C4: REV-003 | D4: CLM-003 | E4: PIP required 14 days. Monitor 2 months. | F4: Review REV-003 drift requiring correction. | G4: COL Richardson (DPM) | H4: Approved | I4: =IFERROR(INDEX(Claims!D:D,MATCH(D4,Claims!A:A,0)),"—") -> Maintain 98% system uptime during core hours | J4: =IFERROR(INDEX(Reviews!E:E,MATCH(C4,Reviews!A:A,0)),"—") -> Uptime below 2 months. Systemic.
A5: PAT-004 | B5: 45974 | C5: REV-004 | D5: CLM-004 | E5: Verbal counseling documented. | F5: Review REV-004 drift requiring correction. | G5: Ms. Patel (PM) | H5: Approved | I5: =IFERROR(INDEX(Claims!D:D,MATCH(D5,Claims!A:A,0)),"—") -> Weekly staffing report due Monday by 1200 | J5: =IFERROR(INDEX(Reviews!E:E,MATCH(C5,Reviews!A:A,0)),"—") -> Minor. Verbal counseling. Monitor 4 weeks.
A6: PAT-005 | B6: 45968 | C6: REV-005 | D6: CLM-005 | E6: Resolve clearances 10 days or replace. | F6: Review REV-005 drift requiring correction. | G6: Mr. Davis (KO) | H6: Applied | I6: =IFERROR(INDEX(Claims!D:D,MATCH(D6,Claims!A:A,0)),"—") -> All personnel hold TS/SCI clearance | J6: =IFERROR(INDEX(Reviews!E:E,MATCH(C6,Reviews!A:A,0)),"—") -> Clearance gap. Cannot access SCIF.
A7: PAT-006 | B7: 46036 | C7: REV-006 | D7: CLM-006 | E7: Cure notice. 10-day cure period. | F7: Review REV-006 drift requiring correction. | G7: COL Richardson (DPM) | H7: Approved | I7: =IFERROR(INDEX(Claims!D:D,MATCH(D7,Claims!A:A,0)),"—") -> Help desk response within 15 min during business hours | J7: =IFERROR(INDEX(Reviews!E:E,MATCH(C7,Reviews!A:A,0)),"—") -> SLA breach 5 of 8 weeks. Not isolated.
A8: PAT-007 | B8: 46041 | C8: REV-007 | D8: CLM-007 | E8: COR direction: reformat per template. | F8: Review REV-007 drift requiring correction. | G8: Ms. Patel (PM) | H8: Approved | I8: =IFERROR(INDEX(Claims!D:D,MATCH(D8,Claims!A:A,0)),"—") -> Quarterly program review by 10th of quarter | J8: =IFERROR(INDEX(Reviews!E:E,MATCH(C8,Reviews!A:A,0)),"—") -> Content ok. Format needs work. Minor.
A9: PAT-008 | B9: 45966 | C9: REV-008 | D9: CLM-008 | E9: Sprint 15 must show >80% or reject. | F9: Review REV-008 drift requiring correction. | G9: Mr. Davis (KO) | H9: Pending | I9: =IFERROR(INDEX(Claims!D:D,MATCH(D9,Claims!A:A,0)),"—") -> Code commits include >80% unit test coverage | J9: =IFERROR(INDEX(Reviews!E:E,MATCH(C9,Reviews!A:A,0)),"—") -> Coverage deficit. Quality risk.
A10: PAT-009 | B10: 46056 | C10: REV-009 | D10: CLM-009 | E10: Revise on-call procedures. Roster in 7 days. | F10: Review REV-009 drift requiring correction. | G10: COL Richardson (DPM) | H10: Applied | I10: =IFERROR(INDEX(Claims!D:D,MATCH(D10,Claims!A:A,0)),"—") -> 24/7 on-call support for critical systems | J10: =IFERROR(INDEX(Reviews!E:E,MATCH(C10,Reviews!A:A,0)),"—") -> On-call failure during Sev1. Critical.
A11: PAT-010 | B11: 45973 | C11: REV-010 | D11: CLM-010 | E11: Implement automated backup verify. Daily 30 days. | F11: Review REV-010 drift requiring correction. | G11: Ms. Patel (PM) | H11: Approved | I11: =IFERROR(INDEX(Claims!D:D,MATCH(D11,Claims!A:A,0)),"—") -> Nightly backup with weekly verification log | J11: =IFERROR(INDEX(Reviews!E:E,MATCH(C11,Reviews!A:A,0)),"—") -> Backup failures. Data loss risk.
A12: PAT-011 | B12: 45974 | C12: REV-011 | D12: CLM-011 | E12: No action. Within maintenance window. | F12: Review REV-011 drift requiring correction. | G12: Mr. Davis (KO) | H12: Pending | I12: =IFERROR(INDEX(Claims!D:D,MATCH(D12,Claims!A:A,0)),"—") -> Network monitoring dashboard real-time 5-min refresh | J12: =IFERROR(INDEX(Reviews!E:E,MATCH(C12,Reviews!A:A,0)),"—") -> Gap acceptable during maintenance.
A13: PAT-012 | B13: 46008 | C13: REV-012 | D13: CLM-012 | E13: Incident response drill 14 days. | F13: Review REV-012 drift requiring correction. | G13: COL Richardson (DPM) | H13: Pending | I13: =IFERROR(INDEX(Claims!D:D,MATCH(D13,Claims!A:A,0)),"—") -> Incident response within 30 min of detection | J13: =IFERROR(INDEX(Reviews!E:E,MATCH(C13,Reviews!A:A,0)),"—") -> Response time critical. Playbook not followed.
... A16: PAT-015 | B16: 46028 | C16: REV-015 | D16: CLM-015 | E16: Written notice. Next late triggers cure. | F16: Review REV-015 drift requiring correction. | G16: COL Richardson (DPM) | H16: Approved | I16: =IFERROR(INDEX(Claims!D:D,MATCH(D16,Claims!A:A,0)),"—") -> Transition plan 90 days before PoP end | J16: =IFERROR(INDEX(Reviews!E:E,MATCH(C16,Reviews!A:A,0)),"—") -> Late within tolerance. Verbal notice.

Sheet Apply
A1: ApplyID | B1: Date | C1: PatchID | D1: ClaimID | E1: ActionTaken | F1: Evidence | G1: VerifiedBy | H1: ClaimDesc_auto | I1: PatchCorrection_auto
A2: APL-001 | B2: 46045 | C2: PAT-001 | D2: CLM-001 | E2: CAP received. April report on time. Claim updated. | F2: \\server\Evidence\APL-001_close.pdf | G2: MAJ Torres (COR) | H2: =IFERROR(INDEX(Claims!D:D,MATCH(D2,Claims!A:A,0)),"—") -> Monthly status report by 5th business day | I2: =IFERROR(INDEX(Patches!E:E,MATCH(C2,Patches!A:A,0)),"—") -> COR letter. CAP due April 15.
A3: APL-002 | B3: 46068 | C3: PAT-002 | D3: CLM-002 | E3: Resubmission. All 3 Critical fixed. Accepted. | F3: \\server\Evidence\APL-002_close.pdf | G3: Mr. Davis (KO) | H3: =IFERROR(INDEX(Claims!D:D,MATCH(D3,Claims!A:A,0)),"—") -> Software deliverables pass security scan before acceptance | I3: =IFERROR(INDEX(Patches!E:E,MATCH(C3,Patches!A:A,0)),"—") -> Deliverable returned. Remediate and resubmit.
A4: APL-003 | B4: 46049 | C4: PAT-003 | D4: CLM-003 | E4: PIP submitted. March uptime 99.1%. Monitoring. | F4: \\server\Evidence\APL-003_close.pdf | G4: CPT Chen (ACOR) | H4: =IFERROR(INDEX(Claims!D:D,MATCH(D4,Claims!A:A,0)),"—") -> Maintain 98% system uptime during core hours | I4: =IFERROR(INDEX(Patches!E:E,MATCH(C4,Patches!A:A,0)),"—") -> PIP required 14 days. Monitor 2 months.
A5: APL-004 | B5: 46007 | C5: PAT-004 | D5: CLM-004 | E5: Next 4 reports on time. Closed. | F5: \\server\Evidence\APL-004_close.pdf | G5: CPT Chen (ACOR) | H5: =IFERROR(INDEX(Claims!D:D,MATCH(D5,Claims!A:A,0)),"—") -> Weekly staffing report due Monday by 1200 | I5: =IFERROR(INDEX(Patches!E:E,MATCH(C5,Patches!A:A,0)),"—") -> Verbal counseling documented.
A6: APL-005 | B6: 46079 | C6: PAT-005 | D6: CLM-005 | E6: 2 personnel replaced 8 days. Verified. | F6: \\server\Evidence\APL-005_close.pdf | G6: CPT Chen (ACOR) | H6: =IFERROR(INDEX(Claims!D:D,MATCH(D6,Claims!A:A,0)),"—") -> All personnel hold TS/SCI clearance | I6: =IFERROR(INDEX(Patches!E:E,MATCH(C6,Patches!A:A,0)),"—") -> Resolve clearances 10 days or replace.
A7: APL-006 | B7: 46000 | C7: PAT-006 | D7: CLM-006 | E7: SLA met 4 weeks. Closed. | F7: \\server\Evidence\APL-006_close.pdf | G7: Mr. Jackson (QA) | H7: =IFERROR(INDEX(Claims!D:D,MATCH(D7,Claims!A:A,0)),"—") -> Help desk response within 15 min during business hours | I7: =IFERROR(INDEX(Patches!E:E,MATCH(C7,Patches!A:A,0)),"—") -> Cure notice. 10-day cure period.
A8: APL-007 | B8: 45988 | C8: PAT-007 | D8: CLM-007 | E8: Reformatted correctly. Accepted. | F8: \\server\Evidence\APL-007_close.pdf | G8: CPT Chen (ACOR) | H8: =IFERROR(INDEX(Claims!D:D,MATCH(D8,Claims!A:A,0)),"—") -> Quarterly program review by 10th of quarter | I8: =IFERROR(INDEX(Patches!E:E,MATCH(C8,Patches!A:A,0)),"—") -> COR direction: reformat per template.
A9: APL-008 | B9: 46021 | C9: PAT-008 | D9: CLM-008 | E9: Sprint 15: 84% coverage. Accepted. | F9: \\server\Evidence\APL-008_close.pdf | G9: CPT Chen (ACOR) | H9: =IFERROR(INDEX(Claims!D:D,MATCH(D9,Claims!A:A,0)),"—") -> Code commits include >80% unit test coverage | I9: =IFERROR(INDEX(Patches!E:E,MATCH(C9,Patches!A:A,0)),"—") -> Sprint 15 must show >80% or reject.
A10: APL-009 | B10: 46028 | C10: PAT-009 | D10: CLM-009 | E10: Revised roster. Drill successful. | F10: \\server\Evidence\APL-009_close.pdf | G10: CPT Chen (ACOR) | H10: =IFERROR(INDEX(Claims!D:D,MATCH(D10,Claims!A:A,0)),"—") -> 24/7 on-call support for critical systems | I10: =IFERROR(INDEX(Patches!E:E,MATCH(C10,Patches!A:A,0)),"—") -> Revise on-call procedures. Roster in 7 days.
A11: APL-010 | B11: 46069 | C11: PAT-010 | D11: CLM-010 | E11: Auto verify live. 100% success 30 days. Closed. | F11: \\server\Evidence\APL-010_close.pdf | G11: Mr. Jackson (QA) | H11: =IFERROR(INDEX(Claims!D:D,MATCH(D11,Claims!A:A,0)),"—") -> Nightly backup with weekly verification log | I11: =IFERROR(INDEX(Patches!E:E,MATCH(C11,Patches!A:A,0)),"—") -> Implement automated backup verify. Daily 30 days.

Sheet Changelog
A1: EntryNo | B1: Timestamp | C1: User | D1: Tab | E1: RecordID | F1: Field | G1: OldValue | H1: NewValue | I1: Reason
A2: 1 | B2: 2025-10-15 09:14 | C2: MAJ Torres | D2: Claims | E2: CLM-003 | F2: Status | G2: Open | H2: Under Review | I2: Uptime drift detected — initiating review
A3: 2 | B3: 2025-10-15 09:22 | C3: MAJ Torres | D3: Events | E3: EVT-003 | F3: Deviation | G3: N | H3: Y | I3: Feb uptime 94.2% confirmed below threshold
A4: 3 | B4: 2025-10-18 14:30 | C4: Mr. Jackson | D4: Reviews | E4: REV-003 | F4: Severity | G4: Medium | H4: High | I4: Upgraded: 2 consecutive months below threshold
A5: 4 | B5: 2025-10-22 10:45 | C5: Ms. Patel | D5: Patches | E5: PAT-003 | F5: Status | G5: Pending | H5: Approved | I5: PIP approved by PM. Monitoring begins.
A6: 5 | B6: 2025-11-01 08:00 | C6: CPT Chen | D6: Patches | E6: PAT-003 | F6: Status | G6: Approved | H6: Applied | I6: PIP applied. March uptime monitoring started.
A7: 6 | B7: 2025-11-05 11:15 | C7: MAJ Torres | D7: Claims | E7: CLM-003 | F7: Status | G7: Under Review | H7: Patched | I7: PIP in effect. Awaiting 2-month observation.
A8: 7 | B8: 2025-11-12 16:00 | C8: Mr. Davis | D8: Claims | E8: CLM-019 | F8: Status | G8: Open | H8: Under Review | I8: Unauthorized travel discovered in expense review
A9: 8 | B9: 2025-11-13 09:00 | C9: Ms. Kim | D9: Reviews | E9: REV-019 | F9: DriftDetected | G9: N | H9: Y | I9: Travel violation confirmed. Compliance breach.
A10: 9 | B10: 2025-11-15 14:20 | C10: Mr. Davis | D10: Patches | E10: PAT-015 | F10: Correction | G10: — | H10: Written notice + counseling | I10: KO directed formal written notice to contractor
A11: 10 | B11: 2025-11-20 08:30 | C11: MAJ Torres | D11: Events | E11: EVT-020 | F11: Evidence | G11: — | H11: \\server\EVT-020.pdf | I11: Late financial report evidence package attached
A12: 11 | B12: 2025-12-01 09:00 | C12: CPT Chen | D12: Claims | E12: CLM-001 | F12: Status | G12: Open | H12: Patched | I12: CAP accepted. April report on time.
A13: 12 | B13: 2025-12-05 10:15 | C13: SSG Miller | D13: Claims | E13: CLM-008 | F13: Status | G13: Open | H13: Under Review | I13: Sprint 14 coverage at 71%. Below 80% threshold.
... A16: 15 | B16: 2025-12-20 16:30 | C16: MAJ Torres | D16: Apply | E16: APL-008 | F16: ActionTaken | G16: — | H16: Sprint 15: 84%. Accepted. | I16: Coverage threshold met. Deliverable accepted.
A18: AUTO-LOGGING SETUP
A19: To enable automatic change logging, save this workbook as .xlsm and add the following VBA macro:
A20: 1. Press Alt+F11 to open the VBA Editor
A21: 2. In the Project Explorer, double-click 'ThisWorkbook'
A22: 3. Paste the Workbook_SheetChange event handler (provided separately)
A23: 4. The macro will auto-log: timestamp, username, tab name, cell address, old value, new value
A24: 5. Until VBA is enabled, log changes manually by adding rows to this tab
A25: FORMAT: EntryNo (sequential) | Timestamp | User | Tab | RecordID | Field | Old→New | Reason

Sheet COR Weekly Report
A1: COR WEEKLY STATUS REPORT — AUTO-GENERATED FROM CERPA WORKBOOK
A2: Report Date: | B2: =TODAY() -> 46093
A4: 1. VOLUME SUMMARY
A5: Total Claims | B5: =COUNTA(tblClaims[ClaimID]) -> 30
A6: Total Events | B6: =COUNTA(tblEvents[EventID]) -> 25
A7: Total Reviews | B7: =COUNTA(tblReviews[ReviewID]) -> 20
A8: Total Patches | B8: =COUNTA(tblPatches[PatchID]) -> 15
A9: Total Applied | B9: =COUNTA(tblApply[ApplyID]) -> 10
A11: 2. OPEN ISSUES & OVERDUE
A12: Claims Open (not Closed) | B12: =COUNTIF(tblClaims[Status],"<>Closed") -> 26
A13: Claims Open > 30 days | B13: =COUNTIFS(tblClaims[Status],"<>Closed",tblClaims[DaysOpen],">"&30) -> 26
A14: Drifts Detected (unresolved) | B14: =COUNTIF(tblReviews[DriftDetected],"Y") -> 11
A15: Patches Pending | B15: =COUNTIF(tblPatches[Status],"Pending") -> 4
A16: Patches Pending > 14 days | B16: =COUNTIFS(tblPatches[Status],"Pending",tblPatches[Date],"<"&TODAY()-14) -> 4
A17: Events with Deviation | B17: =COUNTIF(tblEvents[Deviation],"Y") -> 17
A19: 3. TOP 5 RISK CLAIMS (BY RISK SCORE)
A20: ClaimID | B20: Risk Score | C20: Description | D20: Status | E20: Drift Count
A21: =IFERROR(INDEX(Claims!A:A,MATCH(LARGE(Claims!L$2:L$31,1),Claims!L:L,0)),"—") -> CLM-011 | B21: =IFERROR(LARGE(Claims!L$2:L$31,1),"—") -> 76 | C21: =IFERROR(INDEX(Claims!D:D,MATCH(A21,Claims!A:A,0)),"—") -> Network monitoring dashboard real-time 5-min refresh | D21: =IFERROR(INDEX(Claims!F:F,MATCH(A21,Claims!A:A,0)),"—") -> Open | E21: =IFERROR(INDEX(Claims!I:I,MATCH(A21,Claims!A:A,0)),"—") -> 1
A22: =IFERROR(INDEX(Claims!A:A,MATCH(LARGE(Claims!L$2:L$31,2),Claims!L:L,0)),"—") -> CLM-018 | B22: =IFERROR(LARGE(Claims!L$2:L$31,2),"—") -> 70 | C22: =IFERROR(INDEX(Claims!D:D,MATCH(A22,Claims!A:A,0)),"—") -> Critical CVE patches within 72 hours | D22: =IFERROR(INDEX(Claims!F:F,MATCH(A22,Claims!A:A,0)),"—") -> Open | E22: =IFERROR(INDEX(Claims!I:I,MATCH(A22,Claims!A:A,0)),"—") -> 0
A23: =IFERROR(INDEX(Claims!A:A,MATCH(LARGE(Claims!L$2:L$31,3),Claims!L:L,0)),"—") -> CLM-012 | B23: =IFERROR(LARGE(Claims!L$2:L$31,3),"—") -> 69.8 | C23: =IFERROR(INDEX(Claims!D:D,MATCH(A23,Claims!A:A,0)),"—") -> Incident response within 30 min of detection | D23: =IFERROR(INDEX(Claims!F:F,MATCH(A23,Claims!A:A,0)),"—") -> Patched | E23: =IFERROR(INDEX(Claims!I:I,MATCH(A23,Claims!A:A,0)),"—") -> 1
A24: =IFERROR(INDEX(Claims!A:A,MATCH(LARGE(Claims!L$2:L$31,4),Claims!L:L,0)),"—") -> CLM-020 | B24: =IFERROR(LARGE(Claims!L$2:L$31,4),"—") -> 63.8 | C24: =IFERROR(INDEX(Claims!D:D,MATCH(A24,Claims!A:A,0)),"—") -> Monthly financial report with burn-rate by 10th | D24: =IFERROR(INDEX(Claims!F:F,MATCH(A24,Claims!A:A,0)),"—") -> Open | E24: =IFERROR(INDEX(Claims!I:I,MATCH(A24,Claims!A:A,0)),"—") -> 0
A25: =IFERROR(INDEX(Claims!A:A,MATCH(LARGE(Claims!L$2:L$31,5),Claims!L:L,0)),"—") -> CLM-008 | B25: =IFERROR(LARGE(Claims!L$2:L$31,5),"—") -> 63.5 | C25: =IFERROR(INDEX(Claims!D:D,MATCH(A25,Claims!A:A,0)),"—") -> Code commits include >80% unit test coverage | D25: =IFERROR(INDEX(Claims!F:F,MATCH(A25,Claims!A:A,0)),"—") -> Patched | E25: =IFERROR(INDEX(Claims!I:I,MATCH(A25,Claims!A:A,0)),"—") -> 1
A27: 4. LOOP HEALTH
A28: Event Coverage (Events/Claims) | B28: =IF(COUNTA(tblClaims[ClaimID])>0,COUNTA(tblEvents[EventID])/COUNTA(tblClaims[ClaimID]),0) -> 0.83333333
A29: Review Coverage (Reviews/Events) | B29: =IF(COUNTA(tblEvents[EventID])>0,COUNTA(tblReviews[ReviewID])/COUNTA(tblEvents[EventID]),0) -> 0.8
A30: Patch Rate (Patches/Drifts) | B30: =IF(COUNTIF(tblReviews[DriftDetected],"Y")>0,COUNTA(tblPatches[PatchID])/COUNTIF(tblReviews[DriftDetected],"Y"),0) -> 1.3636364
A31: Completion Rate (Apply/Claims) | B31: =IF(COUNTA(tblClaims[ClaimID])>0,COUNTA(tblApply[ApplyID])/COUNTA(tblClaims[ClaimID]),0) -> 0.33333333
A32: Drift Rate | B32: =IF(COUNTA(tblReviews[ReviewID])>0,COUNTIF(tblReviews[DriftDetected],"Y")/COUNTA(tblReviews[ReviewID]),0) -> 0.55
A33: Avg Days Open (non-closed) | B33: =IFERROR(AVERAGEIF(tblClaims[Status],"<>Closed",tblClaims[DaysOpen]),"—") -> 155.15385
A34: Avg Risk Score (non-closed) | B34: =IFERROR(AVERAGEIF(tblClaims[Status],"<>Closed",tblClaims[RiskScore]),"—") -> 51.753846
A36: This report auto-calculates from the five CERPA tabs. Print to PDF for weekly COR briefing. Ctrl+Shift+F9 to refresh.
