Workbook

Sheet Dashboard
A1: CERPA WORKBOOK — OPERATIONAL DASHBOARD
A3: =COUNTA(Claims!A2:A1000) -> 30 | C3: =COUNTA(Events!A2:A1000) -> 25 | E3: =COUNTA(Reviews!A2:A1000) -> 20 | G3: =COUNTA(Patches!A2:A1000) -> 15 | I3: =COUNTA(Apply!A2:A1000) -> 10
A4: Total Claims | C4: Total Events | E4: Total Reviews | G4: Total Patches | I4: Applied
A6: DRIFT & DEVIATION | D6: PATCH STATUS | G6: SEVERITY | J6: CLAIM STATUS
A7: Drift Y | B7: =COUNTIF(Reviews!F2:F1000,"Y") -> 11 | D7: Applied | E7: =COUNTIF(Patches!H2:H1000,"Applied") -> 4 | G7: Critical | H7: =COUNTIF(Reviews!G2:G1000,"Critical") -> 3 | J7: Open | K7: =COUNTIF(Claims!F2:F1000,"Open") -> 18
A8: Drift N | B8: =COUNTIF(Reviews!F2:F1000,"N") -> 9 | D8: Approved | E8: =COUNTIF(Patches!H2:H1000,"Approved") -> 7 | G8: High | H8: =COUNTIF(Reviews!G2:G1000,"High") -> 4 | J8: Under Review | K8: =COUNTIF(Claims!F2:F1000,"Under Review") -> 4
A9: Drift Rate | B9: =IF(B7+B8>0,B7/(B7+B8),0) -> 0.55 | D9: Pending | E9: =COUNTIF(Patches!H2:H1000,"Pending") -> 4 | G9: Medium | H9: =COUNTIF(Reviews!G2:G1000,"Medium") -> 6 | J9: Patched | K9: =COUNTIF(Claims!F2:F1000,"Patched") -> 4
A10: Events Deviated | B10: =COUNTIF(Events!G2:G1000,"Y") -> 14 | G10: Low | H10: =COUNTIF(Reviews!G2:G1000,"Low") -> 7 | J10: Closed | K10: =COUNTIF(Claims!F2:F1000,"Closed") -> 4
A11: Events OK | B11: =COUNTIF(Events!G2:G1000,"N") -> 11
A12: Deviation Rate | B12: =IF(B10+B11>0,B10/(B10+B11),0) -> 0.56
A14: CYCLE TIME METRICS
A15: Avg Event→Review | C15: =IFERROR(AVERAGE(Reviews!I2:I1000),"") -> 31.45 | E15: Avg Review→Patch | G15: =IFERROR(AVERAGE(Patches!I2:I1000),"") -> -5.7333333 | I15: Avg Patch→Apply | K15: =IFERROR(AVERAGE(Apply!H2:H1000),"") -> 29.8
A16: Max Event→Review | C16: =IFERROR(MAX(Reviews!I2:I1000),"") -> 89 | E16: Max Review→Patch | G16: =IFERROR(MAX(Patches!I2:I1000),"") -> 76 | I16: Max Patch→Apply | K16: =IFERROR(MAX(Apply!H2:H1000),"") -> 111
A18: COVERAGE RATIOS
A19: Event Coverage | B19: Claims with Events | E19: =IFERROR(COUNTIF(Claims!G2:G1000,"?*")/COUNTA(Claims!A2:A1000),0) -> 0.83333333
A20: Review Coverage | B20: Events reviewed | E20: =IFERROR(COUNTA(Reviews!A2:A1000)/COUNTA(Events!A2:A1000),0) -> 0.8
A21: Patch Rate | B21: Reviews patched | E21: =IFERROR(COUNTA(Patches!A2:A1000)/COUNTA(Reviews!A2:A1000),0) -> 0.75
A22: Closure Rate | B22: Patches applied | E22: =IFERROR(COUNTIF(Patches!H2:H1000,"Applied")/COUNTA(Patches!A2:A1000),0) -> 0.26666667
A23: Full Loop | B23: Claims→Apply | E23: =IFERROR(COUNTA(Apply!A2:A1000)/COUNTA(Claims!A2:A1000),0) -> 0.33333333
A25: AGING ANALYSIS
A26: Claims Open >30 days | E26: =COUNTIFS(Claims!F2:F1000,"Open",Claims!H2:H1000,">"&30) -> 18
A27: Claims Open 14-30 days | E27: =COUNTIFS(Claims!F2:F1000,"Open",Claims!H2:H1000,">"&14,Claims!H2:H1000,"<="&30) -> 0
A28: Drift Reviews >14d old | E28: =COUNTIFS(Reviews!F2:F1000,"Y",Reviews!I2:I1000,">"&14) -> 7
A29: Pending Patches | E29: =COUNTIF(Patches!H2:H1000,"Pending") -> 4
A31: HOW TO USE
A32: 1. CLAIMS: Register decisions. Days Open auto-calculates. Red >30d, Yellow >14d.
A33: 2. EVENTS: Select ClaimID from dropdown. Description + Source auto-pull from Claims.
A34: 3. REVIEWS: Select ClaimID + EventID from dropdowns. Days Since Event auto-calculates.
A35: 4. PATCHES: Select ReviewID + ClaimID. Finding auto-pulls. Days to Patch auto-calculates.
A36: 5. APPLY: Select PatchID + ClaimID. Correction auto-pulls. Days to Apply auto-calculates.
A37: 6. AUDIT: Filter any tab by ClaimID → export to PDF = evidence package.
A38: 7. OVERDUE: Red flags auto-appear: Claims >30d, Drift >14d, Pending Patches >7d.
A39: 8. UPGRADE: When you outgrow Excel → SharePoint List → Power Apps → GRC. Every row migrates.

Sheet Claims
A1: ClaimID | B1: Date | C1: Owner | D1: Description | E1: Source | F1: Status | G1: LinkedEventIDs | H1: Days Open
A2: CLM-001 | B2: 45941 | C2: MAJ Torres (COR) | D2: Contractor shall deliver monthly status report by 5th business day | E2: SOW 3.1 | F2: Open | G2: EVT-001 | H2: =IF(F2="Closed","—",TODAY()-B2) -> 152
A3: CLM-002 | B3: 45931 | C3: CPT Chen (ACOR) | D3: All software deliverables shall pass security scan before acceptance | E3: SOW 3.2 | F3: Closed | G3: EVT-002 | H3: =IF(F3="Closed","—",TODAY()-B3) -> —
A4: CLM-003 | B4: 45935 | C4: Mr. Davis (KO) | D4: Contractor shall maintain 98% system uptime during core hours | E4: SOW 4.1 | F4: Open | G4: EVT-003 | H4: =IF(F4="Closed","—",TODAY()-B4) -> 158
A5: CLM-004 | B5: 45934 | C5: Ms. Patel (PM) | D5: Weekly staffing report due every Monday by 1200 | E5: SOW 5.3 | F5: Open | G5: EVT-004 | H5: =IF(F5="Closed","—",TODAY()-B5) -> 159
A6: CLM-005 | B6: 45942 | C6: SSG Miller (QA) | D6: All personnel shall hold current security clearance at TS/SCI | E6: CDRL A001 | F6: Open | G6: EVT-005 | H6: =IF(F6="Closed","—",TODAY()-B6) -> 151
A7: CLM-006 | B7: 45941 | C7: MAJ Torres (COR) | D7: Help desk response time shall not exceed 15 minutes | E7: CDRL A003 | F7: Closed | G7: EVT-006 | H7: =IF(F7="Closed","—",TODAY()-B7) -> —
A8: CLM-007 | B8: 45945 | C8: CPT Chen (ACOR) | D8: Quarterly program review briefing by 10th of quarter | E8: CDRL A005 | F8: Patched | G8: EVT-007 | H8: =IF(F8="Closed","—",TODAY()-B8) -> 148
A9: CLM-008 | B9: 45932 | C9: Mr. Davis (KO) | D9: All code commits shall include unit test coverage above 80% | E9: PWS 3.2.1 | F9: Patched | G9: EVT-008 | H9: =IF(F9="Closed","—",TODAY()-B9) -> 161
A10: CLM-009 | B10: 45937 | C10: Ms. Patel (PM) | D10: Contractor shall provide 24/7 on-call support for critical systems | E10: PWS 4.1.3 | F10: Open | G10: EVT-009 | H10: =IF(F10="Closed","—",TODAY()-B10) -> 156
A11: CLM-010 | B11: 45931 | C11: SSG Miller (QA) | D11: Data backup completed nightly with verification log weekly | E11: QASP 2 | F11: Open | G11: EVT-010 | H11: =IF(F11="Closed","—",TODAY()-B11) -> 162
A12: CLM-011 | B12: 45934 | C12: MAJ Torres (COR) | D12: Network monitoring dashboard updated real-time 5-min refresh | E12: QASP 4 | F12: Open | G12: EVT-011 | H12: =IF(F12="Closed","—",TODAY()-B12) -> 159
A13: CLM-012 | B13: 45939 | C13: CPT Chen (ACOR) | D13: Incident response initiated within 30 minutes of detection | E13: TO Mod 001 | F13: Patched | G13: EVT-012 | H13: =IF(F13="Closed","—",TODAY()-B13) -> 154
... A26: CLM-025 | B26: 45932 | C26: SSG Miller (QA) | D26: Final delivery acceptance within 10 business days | E26: QASP 2 | F26: Open | G26: EVT-025 | H26: =IF(F26="Closed","—",TODAY()-B26) -> 161
A27: CLM-026 | B27: 45937 | C27: MAJ Torres (COR) | D27: Maintain ISO 27001 certification throughout PoP | E27: QASP 4 | F27: Open | H27: =IF(F27="Closed","—",TODAY()-B27) -> 156
A28: CLM-027 | B28: 45936 | C28: CPT Chen (ACOR) | D28: Sub-contractor performance reported quarterly | E28: TO Mod 001 | F28: Open | H28: =IF(F28="Closed","—",TODAY()-B28) -> 157
A29: CLM-028 | B29: 45940 | C29: Mr. Davis (KO) | D29: EVM reports delivered monthly per CDRL | E29: TO Mod 003 | F29: Open | H29: =IF(F29="Closed","—",TODAY()-B29) -> 153
A30: CLM-029 | B30: 45943 | C30: Ms. Patel (PM) | D30: Access control logs reviewed weekly | E30: Policy 24-01 | F30: Open | H30: =IF(F30="Closed","—",TODAY()-B30) -> 150
A31: CLM-030 | B31: 45942 | C31: SSG Miller (QA) | D31: Lessons learned report within 30 days of milestone | E31: COR Dir 25-001 | F31: Under Review | H31: =IF(F31="Closed","—",TODAY()-B31) -> 151

Sheet Events
A1: EventID | B1: Date | C1: ClaimID | D1: Observer | E1: What Happened | F1: Evidence | G1: Deviation | H1: ⬅ Claim Desc (auto) | I1: ⬅ Source (auto)
A2: EVT-001 | B2: 46014 | C2: CLM-001 | D2: Ms. Patel (PM) | E2: March status report delivered 12th business day — 7 days late | F2: \\fileserver\TO-Evidence\EVT-001.pdf | G2: Y | H2: =IFERROR(VLOOKUP(C2,Claims!A:D,4,FALSE()),"") -> Contractor shall deliver monthly status report by 5th business day | I2: =IFERROR(VLOOKUP(C2,Claims!A:E,5,FALSE()),"") -> SOW 3.1
A3: EVT-002 | B3: 45956 | C3: CLM-002 | D3: Mr. Davis (KO) | E3: Security scan: 3 critical findings identified | F3: \\fileserver\TO-Evidence\EVT-002.pdf | G3: N | H3: =IFERROR(VLOOKUP(C3,Claims!A:D,4,FALSE()),"") -> All software deliverables shall pass security scan before acceptance | I3: =IFERROR(VLOOKUP(C3,Claims!A:E,5,FALSE()),"") -> SOW 3.2
A4: EVT-003 | B4: 45992 | C4: CLM-003 | D4: CPT Chen (ACOR) | E4: System uptime 94.2% February — below 98% | F4: \\fileserver\TO-Evidence\EVT-003.pdf | G4: N | H4: =IFERROR(VLOOKUP(C4,Claims!A:D,4,FALSE()),"") -> Contractor shall maintain 98% system uptime during core hours | I4: =IFERROR(VLOOKUP(C4,Claims!A:E,5,FALSE()),"") -> SOW 4.1
A5: EVT-004 | B5: 45954 | C5: CLM-004 | D5: CPT Chen (ACOR) | E5: Staffing report received Monday 1430 — 2.5 hrs late | F5: \\fileserver\TO-Evidence\EVT-004.pdf | G5: Y | H5: =IFERROR(VLOOKUP(C5,Claims!A:D,4,FALSE()),"") -> Weekly staffing report due every Monday by 1200 | I5: =IFERROR(VLOOKUP(C5,Claims!A:E,5,FALSE()),"") -> SOW 5.3
A6: EVT-005 | B6: 45983 | C6: CLM-005 | D6: CPT Chen (ACOR) | E6: Personnel audit: 2 of 14 have expired interim clearances | F6: \\fileserver\TO-Evidence\EVT-005.pdf | G6: Y | H6: =IFERROR(VLOOKUP(C6,Claims!A:D,4,FALSE()),"") -> All personnel shall hold current security clearance at TS/SCI | I6: =IFERROR(VLOOKUP(C6,Claims!A:E,5,FALSE()),"") -> CDRL A001
A7: EVT-006 | B7: 45958 | C7: CLM-006 | D7: Mr. Davis (KO) | E7: Help desk avg response: 22 min — exceeds 15-min SLA | F7: \\fileserver\TO-Evidence\EVT-006.pdf | G7: N | H7: =IFERROR(VLOOKUP(C7,Claims!A:D,4,FALSE()),"") -> Help desk response time shall not exceed 15 minutes | I7: =IFERROR(VLOOKUP(C7,Claims!A:E,5,FALSE()),"") -> CDRL A003
A8: EVT-007 | B8: 46004 | C8: CLM-007 | D8: CPT Chen (ACOR) | E8: Q1 review delivered on time; content reviewed | F8: \\fileserver\TO-Evidence\EVT-007.pdf | G8: Y | H8: =IFERROR(VLOOKUP(C8,Claims!A:D,4,FALSE()),"") -> Quarterly program review briefing by 10th of quarter | I8: =IFERROR(VLOOKUP(C8,Claims!A:E,5,FALSE()),"") -> CDRL A005
A9: EVT-008 | B9: 45993 | C9: CLM-008 | D9: CPT Chen (ACOR) | E9: Code coverage 71% on Sprint 14 deliverable | F9: \\fileserver\TO-Evidence\EVT-008.pdf | G9: Y | H9: =IFERROR(VLOOKUP(C9,Claims!A:D,4,FALSE()),"") -> All code commits shall include unit test coverage above 80% | I9: =IFERROR(VLOOKUP(C9,Claims!A:E,5,FALSE()),"") -> PWS 3.2.1
A10: EVT-009 | B10: 45980 | C10: CLM-009 | D10: SSG Miller (QA) | E10: On-call tech unreachable 45 min during Sev 1 | F10: \\fileserver\TO-Evidence\EVT-009.pdf | G10: Y | H10: =IFERROR(VLOOKUP(C10,Claims!A:D,4,FALSE()),"") -> Contractor shall provide 24/7 on-call support for critical systems | I10: =IFERROR(VLOOKUP(C10,Claims!A:E,5,FALSE()),"") -> PWS 4.1.3
A11: EVT-010 | B11: 45967 | C11: CLM-010 | D11: CPT Chen (ACOR) | E11: Backup log: 3 failed backups week of 3/15 | F11: \\fileserver\TO-Evidence\EVT-010.pdf | G11: N | H11: =IFERROR(VLOOKUP(C11,Claims!A:D,4,FALSE()),"") -> Data backup completed nightly with verification log weekly | I11: =IFERROR(VLOOKUP(C11,Claims!A:E,5,FALSE()),"") -> QASP 2
A12: EVT-011 | B12: 45966 | C12: CLM-011 | D12: Ms. Patel (PM) | E12: Dashboard 15-min gap during maintenance | F12: \\fileserver\TO-Evidence\EVT-011.pdf | G12: N | H12: =IFERROR(VLOOKUP(C12,Claims!A:D,4,FALSE()),"") -> Network monitoring dashboard updated real-time 5-min refresh | I12: =IFERROR(VLOOKUP(C12,Claims!A:E,5,FALSE()),"") -> QASP 4
A13: EVT-012 | B13: 45980 | C13: CLM-012 | D13: CPT Chen (ACOR) | E13: Incident response: 47 min for P1 outage 3/22 | F13: \\fileserver\TO-Evidence\EVT-012.pdf | G13: N | H13: =IFERROR(VLOOKUP(C13,Claims!A:D,4,FALSE()),"") -> Incident response initiated within 30 minutes of detection | I13: =IFERROR(VLOOKUP(C13,Claims!A:E,5,FALSE()),"") -> TO Mod 001
... A26: EVT-025 | B26: 46000 | C26: CLM-025 | D26: MAJ Torres (COR) | E26: Deliverable acceptance took 18 business days (req: 10) | F26: \\fileserver\TO-Evidence\EVT-025.pdf | G26: N | H26: =IFERROR(VLOOKUP(C26,Claims!A:D,4,FALSE()),"") -> Final delivery acceptance within 10 business days | I26: =IFERROR(VLOOKUP(C26,Claims!A:E,5,FALSE()),"") -> QASP 2

Sheet Reviews
A1: ReviewID | B1: Date | C1: ClaimID | D1: EventID | E1: Finding | F1: Drift | G1: Severity | H1: Reviewer | I1: Days Since Event | J1: ⬅ Claim (auto)
A2: REV-001 | B2: 46010 | C2: CLM-001 | D2: EVT-001 | E2: Drift confirmed: 3 of 4 reports late. Pattern. | F2: N | G2: Critical | H2: Mr. Jackson (QA) | I2: =IFERROR(B2-VLOOKUP(D2,Events!A:B,2,FALSE()),"") -> -4 | J2: =IFERROR(VLOOKUP(C2,Claims!A:D,4,FALSE()),"") -> Contractor shall deliver monthly status report by 5th business day
A3: REV-002 | B3: 46028 | C3: CLM-002 | D3: EVT-002 | E3: Security findings Critical. Cannot accept deliverable. | F3: Y | G3: Low | H3: MAJ Torres (COR) | I3: =IFERROR(B3-VLOOKUP(D3,Events!A:B,2,FALSE()),"") -> 72 | J3: =IFERROR(VLOOKUP(C3,Claims!A:D,4,FALSE()),"") -> All software deliverables shall pass security scan before acceptance
A4: REV-003 | B4: 46048 | C4: CLM-003 | D4: EVT-003 | E4: Uptime below threshold 2 consecutive months. Systemic. | F4: Y | G4: High | H4: Ms. Kim (Audit) | I4: =IFERROR(B4-VLOOKUP(D4,Events!A:B,2,FALSE()),"") -> 56 | J4: =IFERROR(VLOOKUP(C4,Claims!A:D,4,FALSE()),"") -> Contractor shall maintain 98% system uptime during core hours
A5: REV-004 | B5: 46043 | C5: CLM-004 | D5: EVT-004 | E5: Minor deviation. Verbal counseling. Monitor 4 weeks. | F5: Y | G5: Low | H5: CPT Chen (ACOR) | I5: =IFERROR(B5-VLOOKUP(D5,Events!A:B,2,FALSE()),"") -> 89 | J5: =IFERROR(VLOOKUP(C5,Claims!A:D,4,FALSE()),"") -> Weekly staffing report due every Monday by 1200
A6: REV-005 | B6: 45998 | C6: CLM-005 | D6: EVT-005 | E6: Clearance gap: immediate risk. Cannot access SCIF. | F6: N | G6: Medium | H6: Mr. Davis (KO) | I6: =IFERROR(B6-VLOOKUP(D6,Events!A:B,2,FALSE()),"") -> 15 | J6: =IFERROR(VLOOKUP(C6,Claims!A:D,4,FALSE()),"") -> All personnel shall hold current security clearance at TS/SCI
A7: REV-006 | B7: 46019 | C7: CLM-006 | D7: EVT-006 | E7: SLA breach: 5 of 8 weeks exceeded. Not isolated. | F7: Y | G7: High | H7: Mr. Jackson (QA) | I7: =IFERROR(B7-VLOOKUP(D7,Events!A:B,2,FALSE()),"") -> 61 | J7: =IFERROR(VLOOKUP(C7,Claims!A:D,4,FALSE()),"") -> Help desk response time shall not exceed 15 minutes
A8: REV-007 | B8: 46025 | C8: CLM-007 | D8: EVT-007 | E8: Content adequate. Delivery format needs improvement. | F8: Y | G8: Low | H8: MAJ Torres (COR) | I8: =IFERROR(B8-VLOOKUP(D8,Events!A:B,2,FALSE()),"") -> 21 | J8: =IFERROR(VLOOKUP(C8,Claims!A:D,4,FALSE()),"") -> Quarterly program review briefing by 10th of quarter
A9: REV-008 | B9: 46041 | C9: CLM-008 | D9: EVT-008 | E9: Coverage deficit is quality risk. Cannot accept. | F9: Y | G9: Medium | H9: Ms. Kim (Audit) | I9: =IFERROR(B9-VLOOKUP(D9,Events!A:B,2,FALSE()),"") -> 48 | J9: =IFERROR(VLOOKUP(C9,Claims!A:D,4,FALSE()),"") -> All code commits shall include unit test coverage above 80%
A10: REV-009 | B10: 45980 | C10: CLM-009 | D10: EVT-009 | E10: On-call failure during Sev 1: critical performance issue. | F10: Y | G10: Medium | H10: CPT Chen (ACOR) | I10: =IFERROR(B10-VLOOKUP(D10,Events!A:B,2,FALSE()),"") -> 0 | J10: =IFERROR(VLOOKUP(C10,Claims!A:D,4,FALSE()),"") -> Contractor shall provide 24/7 on-call support for critical systems
A11: REV-010 | B11: 46030 | C11: CLM-010 | D11: EVT-010 | E11: Backup failures: data loss risk. Corrective action required. | F11: N | G11: Low | H11: Mr. Davis (KO) | I11: =IFERROR(B11-VLOOKUP(D11,Events!A:B,2,FALSE()),"") -> 63 | J11: =IFERROR(VLOOKUP(C11,Claims!A:D,4,FALSE()),"") -> Data backup completed nightly with verification log weekly
A12: REV-011 | B12: 46037 | C12: CLM-011 | D12: EVT-011 | E12: Dashboard gap acceptable during maintenance. | F12: Y | G12: Critical | H12: Mr. Jackson (QA) | I12: =IFERROR(B12-VLOOKUP(D12,Events!A:B,2,FALSE()),"") -> 71 | J12: =IFERROR(VLOOKUP(C12,Claims!A:D,4,FALSE()),"") -> Network monitoring dashboard updated real-time 5-min refresh
A13: REV-012 | B13: 45963 | C13: CLM-012 | D13: EVT-012 | E13: Response time failure: critical. Playbook not followed. | F13: Y | G13: High | H13: MAJ Torres (COR) | I13: =IFERROR(B13-VLOOKUP(D13,Events!A:B,2,FALSE()),"") -> -17 | J13: =IFERROR(VLOOKUP(C13,Claims!A:D,4,FALSE()),"") -> Incident response initiated within 30 minutes of detection
... A21: REV-020 | B21: 46000 | C21: CLM-020 | D21: EVT-020 | E21: Late financial report impacts visibility. Escalate. | F21: N | G21: High | H21: Mr. Davis (KO) | I21: =IFERROR(B21-VLOOKUP(D21,Events!A:B,2,FALSE()),"") -> 21 | J21: =IFERROR(VLOOKUP(C21,Claims!A:D,4,FALSE()),"") -> Monthly financial report with cost/burn-rate by 10th

Sheet Patches
A1: PatchID | B1: Date | C1: ReviewID | D1: ClaimID | E1: Correction | F1: Rationale | G1: Approver | H1: Status | I1: Days to Patch | J1: ⬅ Finding (auto)
A2: PAT-001 | B2: 46022 | C2: REV-001 | D2: CLM-001 | E2: COR letter: contractor submit CAP by April 15 | F2: Review REV-001 identified drift. | G2: Ms. Patel (PM) | H2: Applied | I2: =IFERROR(B2-VLOOKUP(C2,Reviews!A:B,2,FALSE()),"") -> 12 | J2: =IFERROR(VLOOKUP(C2,Reviews!A:E,5,FALSE()),"") -> Drift confirmed: 3 of 4 reports late. Pattern.
A3: PAT-002 | B3: 46023 | C3: REV-002 | D3: CLM-002 | E3: Deliverable returned. Remediate 3 Critical, resubmit. | F3: Review REV-002 identified drift. | G3: Mr. Davis (KO) | H3: Pending | I3: =IFERROR(B3-VLOOKUP(C3,Reviews!A:B,2,FALSE()),"") -> -5 | J3: =IFERROR(VLOOKUP(C3,Reviews!A:E,5,FALSE()),"") -> Security findings Critical. Cannot accept deliverable.
A4: PAT-003 | B4: 45997 | C4: REV-003 | D4: CLM-003 | E4: PIP required within 14 days. Monitor 2 months. | F4: Review REV-003 identified drift. | G4: COL Richardson (DPM) | H4: Approved | I4: =IFERROR(B4-VLOOKUP(C4,Reviews!A:B,2,FALSE()),"") -> -51 | J4: =IFERROR(VLOOKUP(C4,Reviews!A:E,5,FALSE()),"") -> Uptime below threshold 2 consecutive months. Systemic.
A5: PAT-004 | B5: 45974 | C5: REV-004 | D5: CLM-004 | E5: Verbal counseling documented. No formal action. | F5: Review REV-004 identified drift. | G5: Ms. Patel (PM) | H5: Approved | I5: =IFERROR(B5-VLOOKUP(C5,Reviews!A:B,2,FALSE()),"") -> -69 | J5: =IFERROR(VLOOKUP(C5,Reviews!A:E,5,FALSE()),"") -> Minor deviation. Verbal counseling. Monitor 4 weeks.
A6: PAT-005 | B6: 45968 | C6: REV-005 | D6: CLM-005 | E6: Resolve clearance gaps 10 days or replace personnel. | F6: Review REV-005 identified drift. | G6: Ms. Patel (PM) | H6: Applied | I6: =IFERROR(B6-VLOOKUP(C6,Reviews!A:B,2,FALSE()),"") -> -30 | J6: =IFERROR(VLOOKUP(C6,Reviews!A:E,5,FALSE()),"") -> Clearance gap: immediate risk. Cannot access SCIF.
A7: PAT-006 | B7: 46036 | C7: REV-006 | D7: CLM-006 | E7: Cure notice drafted. 10-day cure period. | F7: Review REV-006 identified drift. | G7: Mr. Davis (KO) | H7: Approved | I7: =IFERROR(B7-VLOOKUP(C7,Reviews!A:B,2,FALSE()),"") -> 17 | J7: =IFERROR(VLOOKUP(C7,Reviews!A:E,5,FALSE()),"") -> SLA breach: 5 of 8 weeks exceeded. Not isolated.
A8: PAT-007 | B8: 46041 | C8: REV-007 | D8: CLM-007 | E8: COR direction: reformat per DI-MGMT-81466. | F8: Review REV-007 identified drift. | G8: COL Richardson (DPM) | H8: Approved | I8: =IFERROR(B8-VLOOKUP(C8,Reviews!A:B,2,FALSE()),"") -> 16 | J8: =IFERROR(VLOOKUP(C8,Reviews!A:E,5,FALSE()),"") -> Content adequate. Delivery format needs improvement.
A9: PAT-008 | B9: 45966 | C9: REV-008 | D9: CLM-008 | E9: Sprint 15 must show >80% coverage or reject. | F9: Review REV-008 identified drift. | G9: Ms. Patel (PM) | H9: Pending | I9: =IFERROR(B9-VLOOKUP(C9,Reviews!A:B,2,FALSE()),"") -> -75 | J9: =IFERROR(VLOOKUP(C9,Reviews!A:E,5,FALSE()),"") -> Coverage deficit is quality risk. Cannot accept.
A10: PAT-009 | B10: 46056 | C10: REV-009 | D10: CLM-009 | E10: Revise on-call procedures. Updated roster 7 days. | F10: Review REV-009 identified drift. | G10: Ms. Patel (PM) | H10: Applied | I10: =IFERROR(B10-VLOOKUP(C10,Reviews!A:B,2,FALSE()),"") -> 76 | J10: =IFERROR(VLOOKUP(C10,Reviews!A:E,5,FALSE()),"") -> On-call failure during Sev 1: critical performance issue.
A11: PAT-010 | B11: 45973 | C11: REV-010 | D11: CLM-010 | E11: Implement auto backup verification. Daily report 30 days. | F11: Review REV-010 identified drift. | G11: Mr. Davis (KO) | H11: Approved | I11: =IFERROR(B11-VLOOKUP(C11,Reviews!A:B,2,FALSE()),"") -> -57 | J11: =IFERROR(VLOOKUP(C11,Reviews!A:E,5,FALSE()),"") -> Backup failures: data loss risk. Corrective action required.
A12: PAT-011 | B12: 45974 | C12: REV-011 | D12: CLM-011 | E12: No action required. Gap within maintenance window. | F12: Review REV-011 identified drift. | G12: COL Richardson (DPM) | H12: Pending | I12: =IFERROR(B12-VLOOKUP(C12,Reviews!A:B,2,FALSE()),"") -> -63 | J12: =IFERROR(VLOOKUP(C12,Reviews!A:E,5,FALSE()),"") -> Dashboard gap acceptable during maintenance.
A13: PAT-012 | B13: 46008 | C13: REV-012 | D13: CLM-012 | E13: Conduct incident response drill within 14 days. | F13: Review REV-012 identified drift. | G13: Ms. Patel (PM) | H13: Pending | I13: =IFERROR(B13-VLOOKUP(C13,Reviews!A:B,2,FALSE()),"") -> 45 | J13: =IFERROR(VLOOKUP(C13,Reviews!A:E,5,FALSE()),"") -> Response time failure: critical. Playbook not followed.
... A16: PAT-015 | B16: 46028 | C16: REV-015 | D16: CLM-015 | E16: Written notice. Next late triggers cure notice. | F16: Review REV-015 identified drift. | G16: COL Richardson (DPM) | H16: Approved | I16: =IFERROR(B16-VLOOKUP(C16,Reviews!A:B,2,FALSE()),"") -> 57 | J16: =IFERROR(VLOOKUP(C16,Reviews!A:E,5,FALSE()),"") -> Late delivery within tolerance. Issue verbal notice.

Sheet Apply
A1: ApplyID | B1: Date | C1: PatchID | D1: ClaimID | E1: Action Taken | F1: Evidence | G1: Verified By | H1: Days to Apply | I1: ⬅ Correction (auto)
A2: APL-001 | B2: 46045 | C2: PAT-001 | D2: CLM-001 | E2: CAP received Apr 14. Accepted. April report on time. Updated. | F2: \\fileserver\TO-Evidence\APL-001_closeout.pdf | G2: MAJ Torres (COR) | H2: =IFERROR(B2-VLOOKUP(C2,Patches!A:B,2,FALSE()),"") -> 23 | I2: =IFERROR(VLOOKUP(C2,Patches!A:E,5,FALSE()),"") -> COR letter: contractor submit CAP by April 15
A3: APL-002 | B3: 46068 | C3: PAT-002 | D3: CLM-002 | E3: Resubmission: 3 Critical remediated. Deliverable accepted. | F3: \\fileserver\TO-Evidence\APL-002_closeout.pdf | G3: Mr. Davis (KO) | H3: =IFERROR(B3-VLOOKUP(C3,Patches!A:B,2,FALSE()),"") -> 45 | I3: =IFERROR(VLOOKUP(C3,Patches!A:E,5,FALSE()),"") -> Deliverable returned. Remediate 3 Critical, resubmit.
A4: APL-003 | B4: 46049 | C4: PAT-003 | D4: CLM-003 | E4: PIP submitted. March uptime 99.1%. Monitoring continues. | F4: \\fileserver\TO-Evidence\APL-003_closeout.pdf | G4: CPT Chen (ACOR) | H4: =IFERROR(B4-VLOOKUP(C4,Patches!A:B,2,FALSE()),"") -> 52 | I4: =IFERROR(VLOOKUP(C4,Patches!A:E,5,FALSE()),"") -> PIP required within 14 days. Monitor 2 months.
A5: APL-004 | B5: 46007 | C5: PAT-004 | D5: CLM-004 | E5: Verbal counseling noted. Next 4 reports on time. Closed. | F5: \\fileserver\TO-Evidence\APL-004_closeout.pdf | G5: CPT Chen (ACOR) | H5: =IFERROR(B5-VLOOKUP(C5,Patches!A:B,2,FALSE()),"") -> 33 | I5: =IFERROR(VLOOKUP(C5,Patches!A:E,5,FALSE()),"") -> Verbal counseling documented. No formal action.
A6: APL-005 | B6: 46079 | C6: PAT-005 | D6: CLM-005 | E6: 2 personnel replaced 8 days. Clearance verified. Restored. | F6: \\fileserver\TO-Evidence\APL-005_closeout.pdf | G6: CPT Chen (ACOR) | H6: =IFERROR(B6-VLOOKUP(C6,Patches!A:B,2,FALSE()),"") -> 111 | I6: =IFERROR(VLOOKUP(C6,Patches!A:E,5,FALSE()),"") -> Resolve clearance gaps 10 days or replace personnel.
A7: APL-006 | B7: 46000 | C7: PAT-006 | D7: CLM-006 | E7: Cure notice issued. SLA met 4 weeks. Closed. | F7: \\fileserver\TO-Evidence\APL-006_closeout.pdf | G7: Mr. Jackson (QA) | H7: =IFERROR(B7-VLOOKUP(C7,Patches!A:B,2,FALSE()),"") -> -36 | I7: =IFERROR(VLOOKUP(C7,Patches!A:E,5,FALSE()),"") -> Cure notice drafted. 10-day cure period.
A8: APL-007 | B8: 45988 | C8: PAT-007 | D8: CLM-007 | E8: Q2 deliverable reformatted. Accepted. Compliance confirmed. | F8: \\fileserver\TO-Evidence\APL-007_closeout.pdf | G8: CPT Chen (ACOR) | H8: =IFERROR(B8-VLOOKUP(C8,Patches!A:B,2,FALSE()),"") -> -53 | I8: =IFERROR(VLOOKUP(C8,Patches!A:E,5,FALSE()),"") -> COR direction: reformat per DI-MGMT-81466.
A9: APL-008 | B9: 46021 | C9: PAT-008 | D9: CLM-008 | E9: Sprint 15 coverage: 84%. Met. Accepted. | F9: \\fileserver\TO-Evidence\APL-008_closeout.pdf | G9: CPT Chen (ACOR) | H9: =IFERROR(B9-VLOOKUP(C9,Patches!A:B,2,FALSE()),"") -> 55 | I9: =IFERROR(VLOOKUP(C9,Patches!A:E,5,FALSE()),"") -> Sprint 15 must show >80% coverage or reject.
A10: APL-009 | B10: 46028 | C10: PAT-009 | D10: CLM-009 | E10: Revised roster received. Drill successful. Verified. | F10: \\fileserver\TO-Evidence\APL-009_closeout.pdf | G10: CPT Chen (ACOR) | H10: =IFERROR(B10-VLOOKUP(C10,Patches!A:B,2,FALSE()),"") -> -28 | I10: =IFERROR(VLOOKUP(C10,Patches!A:E,5,FALSE()),"") -> Revise on-call procedures. Updated roster 7 days.
A11: APL-010 | B11: 46069 | C11: PAT-010 | D11: CLM-010 | E11: Auto verification running. 30-day 100% success. Closed. | F11: \\fileserver\TO-Evidence\APL-010_closeout.pdf | G11: Mr. Jackson (QA) | H11: =IFERROR(B11-VLOOKUP(C11,Patches!A:B,2,FALSE()),"") -> 96 | I11: =IFERROR(VLOOKUP(C11,Patches!A:E,5,FALSE()),"") -> Implement auto backup verification. Daily report 30 days.
